name,master_cap,country,industry,sector
shell plc,207680000000,united kingdom,oil & gas integrated,energy
astrazeneca plc,201750000000,united kingdom,drug manufacturersgeneral,healthcare
linde plc,166070000000,united kingdom,specialty chemicals,basic materials
hsbc holdings plc,140150000000,united kingdom,banks,financials
rio tinto group,125840000000,united kingdom,other industrial metals & mining,basic materials
unilever plc,117840000000,united kingdom,household & personal products,consumer staples
diageo plc,115580000000,united kingdom,beverageswineries & distilleries,consumer staples
glaxosmithkline plc,109980000000,united kingdom,drug manufacturersgeneral,healthcare
british american tobacco plc,101440000000,united kingdom,tobacco,consumer staples
bp plc,96240000000,united kingdom,oil & gas integrated,energy
aon plc,73330000000,united kingdom,insurance brokers,financials
anglo american plc,71480000000,united kingdom,other industrial metals & mining,basic materials
reckitt benckiser group plc,"(march 13, 2021)",united kingdom,household & personal products,consumer staples
relx plc,58530000000,united kingdom,publishing,communication services
ihs markit ltd,"(jan. 1, 2022)",united kingdom,consulting services,industrials
national grid plc,55880000000,united kingdom,utilitiesdiversified,utilities
london stock exchange group plc,53330000000,united kingdom,financial data & stock exchanges,financials
general accident plc,51430000000,united kingdom,insuranceproperty & casualty,financials
vodafone group plc,45740000000,united kingdom,telecom services,communication services
lloyds banking group plc,43700000000,united kingdom,banks,financials
prudential plc,39000000000,united kingdom,insurancelife,financials
compass group plc,37730000000,united kingdom,restaurants,consumer discretionary
natwest group plc,32720000000,united kingdom,banks,financials
barclays plc,32189999999,united kingdom,banks,financials
ferguson plc,30520000000,united kingdom,industrial distribution,industrials
bae systeplc,30510000000,united kingdom,aerospace & defense,industrials
willis towers watson plc,"(jan. 1, 2022)",united kingdom,insurance brokers,financials
ashtead group plc,28280000000,united kingdom,rental & leasing services,industrials
tesco plc,28110000000,united kingdom,grocery stores,consumer staples
bt group plc,24090000000,united kingdom,telecom services,communication services
sse plc,23730000000,united kingdom,utilitiesdiversified,utilities
coca-cola europacific partners plc,22530000000,united kingdom,beveragesnon-alcoholic,consumer staples
cnh industrial nv,21930000000,united kingdom,farm & heavy construction machinery,industrials
legal & general group plc,21340000000,united kingdom,insurancelife,financials
segro plc,21080000000,united kingdom,reitindustrial,real estate
standard chartered plc,20780000000,united kingdom,banks,financials
imperial brands plc,20140000000,united kingdom,tobacco,consumer staples
aviva plc,19820000000,united kingdom,insurancediversified,financials
croda international plc,"(jan. 1, 2022)",united kingdom,specialty chemicals,basic materials
scottish mortgage investment trust plc,18780000000,united kingdom,asset management,financials
antofagasta plc,"(jan. 1, 2022)",united kingdom,copper,basic materials
3i group plc,17600000000,united kingdom,asset management,financials
associated british foods plc,17490000000,united kingdom,packaged foods,consumer staples
wpp plc,15760000000,united kingdom,advertising agencies,communication services
smith & nephew plc,14090000000,united kingdom,medical devices,healthcare
liberty global plc,13610000000,united kingdom,entertainment,communication services
bunzl plc,13070000000,united kingdom,food distribution,consumer staples
rentokil initial plc,12780000000,united kingdom,specialty business services,industrials
intercontinental hotels group plc,12200000000,united kingdom,lodging,consumer discretionary
evraz plc,"(jan. 1, 2022)",united kingdom,steel,basic materials
spirax-sarco engineering plc,12140000000,united kingdom,specialty industrial machinery,industrials
informa plc,11800000000,united kingdom,publishing,communication services
ocado group plc,11540000000,united kingdom,grocery stores,consumer staples
intertek group plc,11030000000,united kingdom,consulting services,industrials
rolls-royce holdings plc,10970000000,united kingdom,aerospace & defense,industrials
schroders plc,10480000000,united kingdom,asset management,financials
next plc,10440000000,united kingdom,apparel retail,consumer discretionary
united utilities group plc,10300000000,united kingdom,utilitiesregulated water,utilities
st james's place plc,10210000000,united kingdom,financial conglomerates,financials
severn trent plc,10120000000,united kingdom,utilitiesregulated water,utilities
jd sports fashion plc,10000000000,united kingdom,specialty retail,consumer discretionary
admiral group plc,9960000000,united kingdom,insuranceproperty & casualty,financials
the sage group plc,9830000000,united kingdom,softwareapplication,technology
wm morrison supermarkets plc,"(oct. 1, 2021)",united kingdom,grocery stores,consumer staples
aveva group plc,9600000000,united kingdom,softwareapplication,technology
mondi plc,9510000000,united kingdom,paper & paper products,basic materials
standard life aberdeen plc,"(march 13, 2021)",united kingdom,asset management,financials
pentair plc,9320000000,united kingdom,specialty industrial machinery,industrials
persimmon plc,9070000000,united kingdom,residential construction,consumer discretionary
burberry group plc,8900000000,united kingdom,luxury goods,consumer discretionary
novocure limited,8539999999,united kingdom,medical instruments & supplies,healthcare
endava plc,8100000000,united kingdom,softwareinfrastructure,technology
phoenix group holdings plc,8100000000,united kingdom,insurancelife,financials
auto trader group plc,8029999999,united kingdom,internet content & information,communication services
nepi rockcastle plc,7940000000,united kingdom,real estatediversified,real estate
melrose industries plc,7930000000,united kingdom,specialty industrial machinery,industrials
pershing square holdings ord,7880000000,united kingdom,asset management,financials
capri holdings limited,7790000000,united kingdom,apparel manufacturing,consumer discretionary
meggitt plc,7790000000,united kingdom,aerospace & defense,industrials
land securities group plc,7760000000,united kingdom,reitdiversified,real estate
m&g plc,7590000000,united kingdom,asset management,financials
smiths group plc,7570000000,united kingdom,specialty industrial machinery,industrials
whitbread plc,7550000000,united kingdom,restaurants,consumer discretionary
pearson plc,7520000000,united kingdom,publishing,communication services
j sainsbury plc,7420000000,united kingdom,grocery stores,consumer staples
allfunds group plc,7280000000,united kingdom,asset management,financials
kingfisher plc,7100000000,united kingdom,home improvement retail,consumer discretionary
rightmove plc,7090000000,united kingdom,internet content & information,communication services
airtel africa plc,7020000000,united kingdom,telecom services,communication services
barratt developments plc,7020000000,united kingdom,residential construction,consumer discretionary
intermediate capital group plc,6770000000,united kingdom,asset management,financials
electrocomponents plc,6640000000,united kingdom,industrial distribution,industrials
british land company plc,6510000000,united kingdom,reitdiversified,real estate
endeavour mining corporation,6350000000,united kingdom,gold,basic materials
taylor wimpey plc,6250000000,united kingdom,residential construction,consumer discretionary
hargreaves lansdown plc,6250000000,united kingdom,asset management,financials
the unite group plc,6120000000,united kingdom,reitdiversified,real estate
janus henderson group plc,6100000000,united kingdom,asset management,financials
the berkeley group holdings plc,6070000000,united kingdom,residential construction,consumer discretionary
f&c investment trust plc,6060000000,united kingdom,asset management,financials
pepco group nv,6030000000,united kingdom,discount stores,consumer staples
howden joinery group plc,5980000000,united kingdom,"furnishings, fixtures & appliances",consumer discretionary
nvent electric plc,5970000000,united kingdom,electrical equipment & parts,industrials
investec plc,"(jan. 1, 2022)",united kingdom,capital markets,financials
pennon group plc,5910000000,united kingdom,utilitiesregulated water,utilities
ds smith plc,5780000000,united kingdom,packaging & containers,consumer discretionary
the weir group plc,5740000000,united kingdom,specialty industrial machinery,industrials
dechra pharmaceuticals plc,5720000000,united kingdom,drug manufacturersgeneral,healthcare
sareum holdings plc,5600000000,united kingdom,biotechnology,healthcare
convatec group plc,5490000000,united kingdom,medical instruments & supplies,healthcare
tritax big box reit plc,5480000000,united kingdom,reitretail,real estate
farfetch limited,5290000000,united kingdom,internet retail,consumer discretionary
rit capital partners,5280000000,united kingdom,asset management,financials
mimecast limited,5120000000,united kingdom,softwareinfrastructure,technology
international game technology plc,5060000000,united kingdom,gambling,consumer discretionary
direct line insurance group plc,4920000000,united kingdom,insurancediversified,financials
derwent london plc,4820000000,united kingdom,reitoffice,real estate
imi plc,4790000000,united kingdom,specialty industrial machinery,industrials
johnson matthey plc,4790000000,united kingdom,specialty chemicals,basic materials
hicl infrastructure plc,4590000000,united kingdom,asset management,financials
wizz air holdings plc,4520000000,united kingdom,airlines,industrials
atotech ltd,4480000000,united kingdom,electronic components,technology
computacenter plc,4440000000,united kingdom,information technology services,technology
frasers group plc,4330000000,united kingdom,specialty retail,consumer discretionary
man group plc,4330000000,united kingdom,asset management,financials
royal mail plc,4310000000,united kingdom,integrated freight & logistics,industrials
softcat plc,4310000000,united kingdom,information technology services,technology
itv plc,4300000000,united kingdom,broadcasting,communication services
diploma plc,4250000000,united kingdom,industrial distribution,industrials
rotork plc,"(jan. 1, 2022)",united kingdom,specialty industrial machinery,industrials
abcam plc,4210000000,united kingdom,biotechnology,healthcare
future plc,4200000000,united kingdom,publishing,communication services
darktrace plc,4130000000,united kingdom,softwareinfrastructure,technology
3i infrastructure plc,4110000000,united kingdom,asset management,financials
drax group plc,4110000000,united kingdom,utilitiesrenewable,utilities
ig group holdings plc,4040000000,united kingdom,capital markets,financials
polar capital technology trust,4040000000,united kingdom,asset management,financials
nomad foods limited,4040000000,united kingdom,packaged foods,consumer staples
tate & lyle plc,4010000000,united kingdom,packaged foods,consumer staples
livanova plc,3990000000,united kingdom,medical devices,healthcare
william hill plc,"(march 13, 2021)",united kingdom,gambling,consumer discretionary
bellway plc,3950000000,united kingdom,residential construction,consumer discretionary
alliance trust plc,3930000000,united kingdom,asset management,financials
greencoat uk wind plc,3920000000,united kingdom,asset management,financials
atlantica sustainable infrastructure plc,3870000000,united kingdom,utilitiesrenewable,utilities
safestore holdings plc,3760000000,united kingdom,reitindustrial,real estate
homeserve plc,3720000000,united kingdom,specialty business services,industrials
the renewables infrastructure group limited,3710000000,united kingdom,asset management,financials
international public partnerships ld,3700000000,united kingdom,asset management,financials
renishaw plc,3660000000,united kingdom,scientific & technical instruments,technology
travis perkins plc,3630000000,united kingdom,building products & equipment,industrials
technipfmc plc,3580000000,united kingdom,oil & gas equipment & services,energy
watches of switzerland group plc,3570000000,united kingdom,luxury goods,consumer discretionary
big yellow group plc,3570000000,united kingdom,reitindustrial,real estate
beazley plc,3450000000,united kingdom,insuranceproperty & casualty,financials
smithson investment trust plc,3430000000,united kingdom,asset management,financials
monks investment trust,3420000000,united kingdom,asset management,financials
inchcape plc,3410000000,united kingdom,auto & truck dealerships,consumer discretionary
jet2 plc,3350000000,united kingdom,travel services,consumer discretionary
osb group plc,3350000000,united kingdom,mortgage finance,financials
greggs plc,3330000000,united kingdom,grocery stores,consumer staples
easyjet plc,3330000000,united kingdom,airlines,industrials
virgin money uk plc,3310000000,united kingdom,banks,financials
londonmetric property plc,3310000000,united kingdom,reitdiversified,real estate
martens plc,3170000000,united kingdom,footwear & accessories,consumer discretionary
quilter plc,3160000000,united kingdom,asset management,financials
games workshop group plc,3140000000,united kingdom,leisure,consumer discretionary
shaftesbury plc,3100000000,united kingdom,reitretail,real estate
ultra electronics holdings plc,3100000000,united kingdom,aerospace & defense,industrials
britvic plc,2930000000,united kingdom,beveragesnon-alcoholic,consumer staples
dunelm group plc,2910000000,united kingdom,specialty retail,consumer discretionary
energean plc,2830000000,united kingdom,oil & gas e&p,energy
worldwide healthcare,2770000000,united kingdom,asset management,financials
fevertree drinks plc,2770000000,united kingdom,beveragesnon-alcoholic,consumer staples
vistry group plc,2760000000,united kingdom,residential construction,consumer discretionary
hays plc,2690000000,united kingdom,staffing & employment services,industrials
grainger plc,2680000000,united kingdom,real estate services,real estate
itm power plc,2640000000,united kingdom,electronic components,technology
primary health properties plc,2610000000,united kingdom,reithealthcare facilities,real estate
witan investment trust plc,2600000000,united kingdom,asset management,financials
caledonia investments plc,2590000000,united kingdom,asset management,financials
pershing square holdings ltd,"(sept. 1, 2018)",united kingdom,asset management,financials
deliveroo plc,2550000000,united kingdom,internet retail,consumer discretionary
cranswick plc,2520000000,united kingdom,packaged foods,consumer staples
great portland estates plc,"(jan. 1, 2022)",united kingdom,reitoffice,real estate
hgcapital trust plc,2480000000,united kingdom,asset management,financials
zimplats holdings limited,2480000000,united kingdom,other precious metals & mining,basic materials
wh smith plc,2480000000,united kingdom,specialty retail,consumer discretionary
finsbury growth & income trust plc,2460000000,united kingdom,asset management,financials
redrow plc,2440000000,united kingdom,residential construction,consumer discretionary
playtech plc,2440000000,united kingdom,gambling,consumer discretionary
close brothers group plc,2430000000,united kingdom,capital markets,financials
pets at home group plc,2370000000,united kingdom,specialty retail,consumer discretionary
ssp group plc,2350000000,united kingdom,restaurants,consumer discretionary
assura plc,2350000000,united kingdom,reithealthcare facilities,real estate
diversey holdings ltd,2350000000,united kingdom,personal services,consumer discretionary
the city of london investment trust plc,2340000000,united kingdom,asset management,financials
serco group plc,2340000000,united kingdom,specialty business services,industrials
manchester united plc,2330000000,united kingdom,leisure,consumer discretionary
domino's pizza group plc,2320000000,united kingdom,restaurants,consumer discretionary
vivo energy plc,2270000000,united kingdom,oil & gas refining & marketing,energy
qinetiq group plc,2270000000,united kingdom,aerospace & defense,industrials
mercantile investment trust the plc,2260000000,united kingdom,asset management,financials
sequoia economic infrastructure inc ord,2240000000,united kingdom,asset management,financials
balfour beatty plc,2240000000,united kingdom,engineering & construction,industrials
kainos group plc,2220000000,united kingdom,softwareapplication,technology
aggreko plc,"(march 13, 2021)",united kingdom,rental & leasing services,industrials
personal assets trust,2180000000,united kingdom,asset management,financials
babcock international group plc,2160000000,united kingdom,engineering & construction,industrials
ashmore group plc,2140000000,united kingdom,asset management,financials
murray international trust plc,2109999999,united kingdom,asset management,financials
pagegroup plc,2109999999,united kingdom,staffing & employment services,industrials
harbourvest global private equity limited,"(march 13, 2021)",united kingdom,asset management,financials
gamesys group plc,"(march 13, 2021)",united kingdom,gambling,consumer discretionary
john laing group plc,"(march 13, 2021)",united kingdom,engineering & construction,industrials
dixons carphone plc,"(march 13, 2021)",united kingdom,specialty retail,consumer discretionary
victrex plc,2060000000,united kingdom,specialty chemicals,basic materials
s4 capital plc,2049999999,united kingdom,advertising agencies,communication services
savills plc,2040000000,united kingdom,real estate services,real estate
asos plc,2029999999,united kingdom,internet retail,consumer discretionary
brewin dolphin holdings plc,2029999999,united kingdom,asset management,financials
calisen plc,"(march 13, 2021)",united kingdom,electrical equipment & parts,industrials
jpmorgan american investment trust plc,1980000000,united kingdom,asset management,financials
burford capital limited,1970000000,united kingdom,asset management,financials
yougov plc,1960000000,united kingdom,advertising agencies,communication services
capital & counties properties plc,1950000000,united kingdom,reitretail,real estate
sanne group plc,1940000000,united kingdom,asset management,financials
secure income reit ord,1940000000,united kingdom,reitdiversified,real estate
national express group plc,1920000000,united kingdom,railroads,industrials
globaldata plc,1900000000,united kingdom,consulting services,industrials
polypipe group plc,"(march 13, 2021)",united kingdom,building products & equipment,industrials
tr property investment trust,1890000000,united kingdom,asset management,financials
countryside properties plc,1870000000,united kingdom,residential construction,consumer discretionary
spirent communications plc,1870000000,united kingdom,softwareinfrastructure,technology
rws holdings plc,1870000000,united kingdom,consulting services,industrials
integrafin holdings plc,1860000000,united kingdom,asset management,financials
mitchells & butlers plc,1850000000,united kingdom,restaurants,consumer discretionary
the bankers investment trust plc,1830000000,united kingdom,asset management,financials
ascential plc,1830000000,united kingdom,advertising agencies,communication services
micro focus international plc,1810000000,united kingdom,softwareinfrastructure,technology
hammerson plc,1790000000,united kingdom,reitretail,real estate
sirius real estate limited,1790000000,united kingdom,real estate services,real estate
marshalls plc,1780000000,united kingdom,building materials,basic materials
jpmorgan emerging markets investment trust plc,1780000000,united kingdom,asset management,financials
ceres power holdings plc,1770000000,united kingdom,electrical equipment & parts,industrials
blackrock world mining trust plc,1770000000,united kingdom,asset management,financials
impax environmental markets trust plc,1740000000,united kingdom,asset management,financials
james halstead plc,"(jan. 1, 2022)",united kingdom,building products & equipment,industrials
hipgnosis songs fund limited,1710000000,united kingdom,asset management,financials
alphawave ip group plc,1710000000,united kingdom,semiconductors,technology
impax asset management group plc,1700000000,united kingdom,asset management,financials
paragon banking group plc,1700000000,united kingdom,mortgage finance,financials
contourglobal plc,1680000000,united kingdom,utilitiesrenewable,utilities
synthomer plc,1680000000,united kingdom,specialty chemicals,basic materials
oxford instruments plc,1670000000,united kingdom,semiconductor equipment & materials,technology
aj bell plc,1660000000,united kingdom,capital markets,financials
gamma communications plc,1660000000,united kingdom,telecom services,communication services
cvs group plc,1650000000,united kingdom,personal services,consumer discretionary
workspace group plc,1650000000,united kingdom,reitoffice,real estate
rsa insurance group plc,1650000000,united kingdom,insuranceproperty & casualty,financials
auction technology group plc,1640000000,united kingdom,softwareapplication,technology
daily mail and general trust plc,"(jan. 1, 2022)",united kingdom,publishing,communication services
blue prism group plc,"(jan. 1, 2022)",united kingdom,softwareinfrastructure,technology
fidelity european values plc,1630000000,united kingdom,asset management,financials
helios towers plc,1610000000,united kingdom,telecom services,communication services
next fifteen communications group plc,1610000000,united kingdom,advertising agencies,communication services
clinigen group plc,1610000000,united kingdom,medical distribution,healthcare
trainline plc,1600000000,united kingdom,travel services,consumer discretionary
aberforth smaller companies trust plc,1600000000,united kingdom,asset management,financials
fdm group holdings plc,1600000000,united kingdom,information technology services,technology
herald investment trust,1590000000,united kingdom,asset management,financials
learning technologies group plc,1590000000,united kingdom,education & training services,consumer staples
bodycote plc,1580000000,united kingdom,specialty industrial machinery,industrials
atrium european real estate ltd,"(jan. 1, 2022)",united kingdom,real estate services,real estate
telecom plus plc,1580000000,united kingdom,utilitiesdiversified,utilities
draper esprit plc,1570000000,united kingdom,asset management,financials
tp icap plc,1570000000,united kingdom,capital markets,financials
hill & smith holdings plc,1550000000,united kingdom,engineering & construction,industrials
bytes technology group plc,1540000000,united kingdom,softwareapplication,technology
talktalk telecom group plc,"(march 13, 2021)",united kingdom,telecom services,communication services
globalworth real estate investments limited,1540000000,united kingdom,real estate services,real estate
rathbone brothers plc,1530000000,united kingdom,asset management,financials
uk commercial property reit limited,1520000000,united kingdom,asset management,financials
bbgi global infrastructure sa,1520000000,united kingdom,asset management,financials
jupiter fund management plc,1500000000,united kingdom,asset management,financials
octopus titan vct plc,"(jan. 1, 2022)",united kingdom,asset management,financials
jtc plc,1490000000,united kingdom,asset management,financials
aston martin lagonda global holdings plc,1490000000,united kingdom,auto manufacturers,consumer discretionary
coats group plc,1460000000,united kingdom,textile manufacturing,consumer discretionary
john wood group plc,1450000000,united kingdom,oil & gas integrated,energy
cairn energy plc,1450000000,united kingdom,oil & gas e&p,energy
clarkson plc,1440000000,united kingdom,marine shipping,industrials
edinburgh investment trust plc,1430000000,united kingdom,asset management,financials
serica energy plc,1430000000,united kingdom,oil & gas e&p,energy
morgan sindall group plc,1430000000,united kingdom,engineering & construction,industrials
avi global trust plc,1420000000,united kingdom,asset management,financials
syncona limited,1420000000,united kingdom,asset management,financials
euromoney institutional investor plc,1410000000,united kingdom,financial data & stock exchanges,financials
redde northgate plc,1400000000,united kingdom,rental & leasing services,industrials
ferroglobe plc,1380000000,united kingdom,other industrial metals & mining,basic materials
victoria plc,1370000000,united kingdom,"furnishings, fixtures & appliances",consumer discretionary
murray income trust plc,1360000000,united kingdom,asset management,financials
moneysupermarketcom group plc,1360000000,united kingdom,internet content & information,communication services
centamin plc,1360000000,united kingdom,gold,basic materials
vectura group plc,"(oct. 1, 2021)",united kingdom,drug manufacturersgeneral,healthcare
gb group plc,1350000000,united kingdom,softwareapplication,technology
supermarket income reit plc,1350000000,united kingdom,reitretail,real estate
currys plc,1340000000,united kingdom,specialty retail,consumer discretionary
immunocore holdings plc,1340000000,united kingdom,biotechnology,healthcare
apax global alpha limited,1330000000,united kingdom,asset management,financials
premier foods plc,1330000000,united kingdom,packaged foods,consumer staples
thg plc,1330000000,united kingdom,specialty retail,consumer discretionary
hilton food group plc,1320000000,united kingdom,packaged foods,consumer staples
jd wetherspoon plc,1310000000,united kingdom,restaurants,consumer discretionary
biffa plc,1290000000,united kingdom,waste management,industrials
gcp student living plc,"(dec. 1, 2021)",united kingdom,asset management,financials
gcp infrastructure investments,1290000000,united kingdom,asset management,financials
ti fluid systeplc,1280000000,united kingdom,auto parts,consumer discretionary
merian chrysalis investment co ltd,1280000000,united kingdom,asset management,financials
spire healthcare group plc,1270000000,united kingdom,medical care facilities,healthcare
essentra plc,1260000000,united kingdom,specialty chemicals,basic materials
law debenture corporation plc,1260000000,united kingdom,asset management,financials
clipper logistics plc,1240000000,united kingdom,integrated freight & logistics,industrials
ip group plc,1240000000,united kingdom,asset management,financials
vesuvius plc,1220000000,united kingdom,steel,basic materials
st modwen properties plc,"(march 13, 2021)",united kingdom,real estatedevelopment,real estate
stolt-nielsen ltd,1220000000,united kingdom,marine shipping,industrials
european opportunities trust plc,"(jan. 1, 2022)",united kingdom,asset management,financials
lxi reit,1210000000,united kingdom,reitdiversified,real estate
bmo commercial property trust,1210000000,united kingdom,asset management,financials
bb healthcare trust plc,1190000000,united kingdom,asset management,financials
just group plc,1180000000,united kingdom,insurancespecialty,financials
schroder asiapacific fund plc,1180000000,united kingdom,asset management,financials
sumo group plc,"(jan. 1, 2022)",united kingdom,electronic gaming & multimedia,communication services
myovant sciences ltd,1180000000,united kingdom,biotechnology,healthcare
morgan advanced materials plc,1180000000,united kingdom,specialty industrial machinery,industrials
smart metering systeplc,1170000000,united kingdom,electrical equipment & parts,industrials
edinburgh worldwide investment trust plc,1160000000,united kingdom,asset management,financials
emis group plc,1160000000,united kingdom,health information services,healthcare
vinacapital vietnam opportunity fund limited,1140000000,united kingdom,asset management,financials
kape technologies plc,1140000000,united kingdom,softwareinfrastructure,technology
jpmorgan euro small co trust plc,"(dec. 1, 2021)",united kingdom,asset management,financials
alpha fx group plc,1130000000,united kingdom,capital markets,financials
chemring group plc,1130000000,united kingdom,aerospace & defense,industrials
cls holdings plc,1110000000,united kingdom,real estate services,real estate
volution group plc,1090000000,united kingdom,building products & equipment,industrials
scottish american investment company plc,1090000000,united kingdom,asset management,financials
pz cussons plc,1080000000,united kingdom,household & personal products,consumer staples
blackrock smaller companies trust,1070000000,united kingdom,asset management,financials
jpmorgan japanese investment trust plc,1060000000,united kingdom,asset management,financials
digital 9 infrastructure plc,1060000000,united kingdom,asset management,financials
aberdeen total dynamic dividend fund,1060000000,united kingdom,asset management,financials
standard life private equity trust plc,1060000000,united kingdom,asset management,financials
mitie group plc,1050000000,united kingdom,specialty business services,industrials
icg enterprise trust plc,1040000000,united kingdom,asset management,financials
4imprint group plc,1040000000,united kingdom,advertising agencies,communication services
sdcl energy efficiency income trust plc,1040000000,united kingdom,asset management,financials
caretech holdings plc,1040000000,united kingdom,medical care facilities,healthcare
global ship lease inc,1030000000,united kingdom,marine shipping,industrials
capital gearing trust plc,1030000000,united kingdom,asset management,financials
liontrust asset management plc,1020000000,united kingdom,asset management,financials
bicycle therapeutics plc,1020000000,united kingdom,biotechnology,healthcare
stock spirits group plc,"(nov. 1, 2021)",united kingdom,beverageswineries & distilleries,consumer staples
provident financial plc,1010000000,united kingdom,credit services,financials
baillie gifford japan trust plc,1010000000,united kingdom,asset management,financials
focusrite plc,1010000000,united kingdom,leisure,consumer discretionary
temple bar investment trust plc,998700000,united kingdom,asset management,financials
pantheon resources plc,997000000,united kingdom,oil & gas e&p,energy
cmc markets plc,985200000,united kingdom,capital markets,financials
tullow oil plc,983500000,united kingdom,oil & gas e&p,energy
tr european growth trust plc,"(jan. 1, 2022)",united kingdom,asset management,financials
henderson smaller companies investment trust,960600000,united kingdom,asset management,financials
ienergizer limited,957500000,united kingdom,information technology services,technology
baillie gifford us growth trust plc,955400000,united kingdom,asset management,financials
standard life uk smaller companies trust plc,"(dec. 1, 2021)",united kingdom,asset management,financials
warehouse reit plc,946900000,united kingdom,reitindustrial,real estate
the merchants trust plc,946400000,united kingdom,asset management,financials
schroder oriental income fund limited,945600000,united kingdom,asset management,financials
nb private equity partners limited,937200000,united kingdom,asset management,financials
jpmorgan global growth & income plc,931600000,united kingdom,asset management,financials
elementis plc,928500000,united kingdom,specialty chemicals,basic materials
ibstock plc,925500000,united kingdom,building materials,basic materials
team17 group plc,920700000,united kingdom,electronic gaming & multimedia,communication services
crest nicholson holdings plc,915000000,united kingdom,residential construction,consumer discretionary
marlowe plc,906300000,united kingdom,security & protection services,industrials
yellow cake plc,905800000,united kingdom,uranium,energy
bh macro limited gbp,904500000,united kingdom,asset management,financials
blackrock throgmorton trust plc,904000000,united kingdom,asset management,financials
discoverie group plc,903900000,united kingdom,electronic components,technology
treatt plc,903400000,united kingdom,specialty chemicals,basic materials
mccarthy & stone plc,"(march 13, 2021)",united kingdom,medical care facilities,healthcare
equiniti group plc,"(dec. 1, 2021)",united kingdom,softwareinfrastructure,technology
young & co's brewery plc,891400000,united kingdom,restaurants,consumer discretionary
alternative credit investments plc,"(march 13, 2021)",united kingdom,asset management,financials
watkin jones plc,882200000,united kingdom,residential construction,consumer discretionary
ergomed plc,870200000,united kingdom,biotechnology,healthcare
bakkavor group plc,867600000,united kingdom,packaged foods,consumer staples
the rank group plc,853800000,united kingdom,gambling,consumer discretionary
hochschild mining plc,852300000,united kingdom,gold,basic materials
third point investors limited,836600000,united kingdom,asset management,financials
alliance pharma plc,834500000,united kingdom,drug manufacturersspecialty & generic,healthcare
polar capital holdings plc,830300000,united kingdom,asset management,financials
centessa pharmaceuticals ltd,830100000,united kingdom,biotechnology,healthcare
tyman plc,829200000,united kingdom,building products & equipment,industrials
restore plc,828800000,united kingdom,specialty business services,industrials
ruffer investment company limited,827800000,united kingdom,asset management,financials
pacific horizon investment trust,823500000,united kingdom,asset management,financials
nextenergy solar ord,817800000,united kingdom,asset management,financials
genius sports ltd,812900000,united kingdom,internet content & information,communication services
mas real estate inc,"(nov. 1, 2021)",united kingdom,real estatediversified,real estate
the vitec group plc,803400000,united kingdom,consumer electronics,technology
ag barr plc,799200000,united kingdom,beveragesnon-alcoholic,consumer staples
advanced medical solutions group plc,793700000,united kingdom,medical instruments & supplies,healthcare
the scottish investment trust plc,791800000,united kingdom,asset management,financials
jpmorgan indian investment trust plc,785900000,united kingdom,asset management,financials
keller group plc,778100000,united kingdom,engineering & construction,industrials
reach plc,777100000,united kingdom,publishing,communication services
bank of georgia group plc,777100000,united kingdom,banks,financials
mortgage advice bureau holdings plc,771400000,united kingdom,mortgage finance,financials
target healthcare reit plc,769600000,united kingdom,reitdiversified,real estate
sabre insurance group plc,766400000,united kingdom,insurance brokers,financials
mp evans group plc,758200000,united kingdom,farm products,consumer staples
hotel chocolat group plc,756600000,united kingdom,confectioners,consumer staples
stagecoach group plc,751100000,united kingdom,railroads,industrials
renew holdings plc,744000000,united kingdom,engineering & construction,industrials
rak petroleum plc,737400000,united kingdom,oil & gas e&p,energy
asia dragon trust plc,737000000,united kingdom,asset management,financials
oxford biomedica plc,734700000,united kingdom,biotechnology,healthcare
dfs furniture plc,733000000,united kingdom,"furnishings, fixtures & appliances",consumer discretionary
civitas social housing plc,729800000,united kingdom,reitresidential,real estate
ideagen plc,728400000,united kingdom,softwareapplication,technology
forterra plc,725500000,united kingdom,building materials,basic materials
harworth group plc,723600000,united kingdom,real estatedevelopment,real estate
picton property income limited,722200000,united kingdom,reitdiversified,real estate
empiric student property plc,721300000,united kingdom,reitresidential,real estate
greatland gold plc,721200000,united kingdom,gold,basic materials
goco group plc,"(march 13, 2021)",united kingdom,information technology services,technology
stenprop ltd,"(nov. 1, 2021)",united kingdom,reitindustrial,real estate
craneware plc,718900000,united kingdom,health information services,healthcare
integrated diagnostics holdings plc,718000000,united kingdom,diagnostics & research,healthcare
bluefield solar income fund limited,717500000,united kingdom,asset management,financials
sthree plc,717100000,united kingdom,staffing & employment services,industrials
twentyfour income ord,716500000,united kingdom,asset management,financials
fw thorpe plc,714900000,united kingdom,electrical equipment & parts,industrials
torm plc,713800000,united kingdom,oil & gas midstream,energy
north atlantic smaller companies,712900000,united kingdom,asset management,financials
the prs reit plc,705500000,united kingdom,reitresidential,real estate
scion tech growth i,704000000,united kingdom,shell companies,financials
boussard & gavaudan holdings eur,695300000,united kingdom,asset management,financials
navigator holdings ltd,691800000,united kingdom,oil & gas midstream,energy
fd technologies plc,690500000,united kingdom,information technology services,technology
baillie gifford shin nippon plc,690200000,united kingdom,asset management,financials
mountview estates plc,688400000,united kingdom,real estate services,real estate
ncc group plc,686300000,united kingdom,softwareapplication,technology
imimobile plc,"(march 13, 2021)",united kingdom,softwareapplication,technology
john menzies plc,682500000,united kingdom,airports & air services,industrials
johnson service group plc,680700000,united kingdom,specialty business services,industrials
marston's plc,671400000,united kingdom,restaurants,consumer discretionary
hunting plc,669900000,united kingdom,oil & gas equipment & services,energy
ecclesiastical insurance office plc,666800000,united kingdom,insurancelife,financials
senior plc,662600000,united kingdom,aerospace & defense,industrials
enquest plc,661500000,united kingdom,oil & gas e&p,energy
robert walters plc,660200000,united kingdom,staffing & employment services,industrials
blackrock greater europe investment trust plc,659800000,united kingdom,asset management,financials
nichols plc,657000000,united kingdom,beveragesnon-alcoholic,consumer staples
arrow global group plc,"(march 13, 2021)",united kingdom,asset management,financials
halfords group plc,650100000,united kingdom,specialty retail,consumer discretionary
rdi reit plc,"(march 13, 2021)",united kingdom,reitdiversified,real estate
urban logistics reit plc,644000000,united kingdom,reitindustrial,real estate
frontier developments plc,635600000,united kingdom,electronic gaming & multimedia,communication services
odfjell drilling ltd,634700000,united kingdom,oil & gas drilling,energy
helical plc,632100000,united kingdom,real estate services,real estate
genel energy plc,631900000,united kingdom,oil & gas e&p,energy
henderson far east income ltd,"(march 13, 2021)",united kingdom,asset management,financials
wincanton plc,629700000,united kingdom,integrated freight & logistics,industrials
mid-wynd international investment trust plc,625900000,united kingdom,asset management,financials
alfa financial software holdings plc,622300000,united kingdom,softwareapplication,technology
the restaurant group plc,616300000,united kingdom,restaurants,consumer discretionary
schroder asian total return investment company plc,612100000,united kingdom,asset management,financials
tritax eurobox plc,"(march 13, 2021)",united kingdom,reitindustrial,real estate
sig plc,604700000,united kingdom,industrial distribution,industrials
chesnara plc,599500000,united kingdom,insurancelife,financials
dunedin income growth investment trust,592400000,united kingdom,asset management,financials
silence therapeutics plc,"(nov. 1, 2021)",united kingdom,biotechnology,healthcare
aberdeen standard asia focus plc,584200000,united kingdom,asset management,financials
gcp asset backed income fund limited,580100000,united kingdom,asset management,financials
cineworld group plc,575900000,united kingdom,entertainment,communication services
kin and carta plc,574800000,united kingdom,specialty business services,industrials
brunner investment trust plc,574700000,united kingdom,asset management,financials
impact healthcare reit plc,567300000,united kingdom,reitdiversified,real estate
scapa group plc,"(march 13, 2021)",united kingdom,specialty chemicals,basic materials
north american income trust the plc,566700000,united kingdom,asset management,financials
european assets trust plc,564200000,united kingdom,asset management,financials
knot offshore partners lp,562500000,united kingdom,marine shipping,industrials
bh global limited,"(march 13, 2021)",united kingdom,asset management,financials
jpmorgan claverhouse investment trust plc,560900000,united kingdom,asset management,financials
aberdeen global premier properties fund,560600000,united kingdom,asset management,financials
custodian reit ord,559000000,united kingdom,reitdiversified,real estate
oxford immunotec global plc,"(feb. 18, 2021)",united kingdom,diagnostics & research,healthcare
ao world plc,556100000,united kingdom,internet retail,consumer discretionary
henry boot plc,555300000,united kingdom,real estatediversified,real estate
coinshares international ltd,551800000,united kingdom,capital markets,financials
volex plc,549600000,united kingdom,electrical equipment & parts,industrials
judges scientific plc,545000000,united kingdom,scientific & technical instruments,technology
paypoint plc,542900000,united kingdom,information technology services,technology
brooks macdonald group plc,539200000,united kingdom,asset management,financials
strix group plc,537900000,united kingdom,electronic components,technology
central asia metals plc,535200000,united kingdom,copper,basic materials
aberdeen asian income fund limited,532400000,united kingdom,asset management,financials
avon protection plc,531400000,united kingdom,aerospace & defense,industrials
avon rubber plc,528600000,united kingdom,aerospace & defense,industrials
jpmorgan global emerging markets income trust,527600000,united kingdom,asset management,financials
starwood european real estate finance ltd,526000000,united kingdom,asset management,financials
mattioli woods plc,523700000,united kingdom,asset management,financials
octopus renewables infrastructure trust plc,523100000,united kingdom,asset management,financials
lsl property services plc,515700000,united kingdom,real estate services,real estate
hollywood bowl group plc,514500000,united kingdom,leisure,consumer discretionary
urovant sciences ltd,"(feb. 18, 2021)",united kingdom,biotechnology,healthcare
diverse income trust,511900000,united kingdom,asset management,financials
panariagroup industrie ceramiche spa,510100000,united kingdom,softwareinfrastructure,technology
baillie gifford european growth trust plc,508200000,united kingdom,asset management,financials
anglo pacific group plc,503900000,united kingdom,coking coal,basic materials
kier group plc,499200000,united kingdom,engineering & construction,industrials
investindustrial acquisition corp,"(dec. 1, 2021)",united kingdom,shell companies,financials
pacific assets trust,498800000,united kingdom,asset management,financials
regional reit ltd,498800000,united kingdom,reitdiversified,real estate
on the beach group plc,497100000,united kingdom,travel services,consumer discretionary
phoenix spree deutschland limited,496700000,united kingdom,reitresidential,real estate
jpmorgan elect plc managed growth,492600000,united kingdom,asset management,financials
compass pathways plc,492200000,united kingdom,medical care facilities,healthcare
inspecs group plc,491800000,united kingdom,medical instruments & supplies,healthcare
jpmorgan asia growth & income plc,490700000,united kingdom,asset management,financials
kistos plc,487000000,united kingdom,asset management,financials
templeton emerging markets investment trust temit,484400000,united kingdom,asset management,financials
luxfer holdings plc,483800000,united kingdom,specialty industrial machinery,industrials
mj gleeson plc,483400000,united kingdom,residential construction,consumer discretionary
polar capital global healthcare trust,477700000,united kingdom,asset management,financials
petrofac limited,472400000,united kingdom,oil & gas equipment & services,energy
henderson european focus trust plc,471200000,united kingdom,asset management,financials
bloomsbury publishing plc,470900000,united kingdom,publishing,communication services
fuller smith & turner plc,470100000,united kingdom,restaurants,consumer discretionary
real estate credit investments limited,470100000,united kingdom,asset management,financials
pendragon plc,468400000,united kingdom,auto & truck dealerships,consumer discretionary
lowland investment company plc,464900000,united kingdom,asset management,financials
honeycomb investment trust plc,463300000,united kingdom,asset management,financials
standard life investments property income trust,463000000,united kingdom,reitdiversified,real estate
bmo private equity trust plc,462700000,united kingdom,asset management,financials
tt electronics plc,461900000,united kingdom,electronic components,technology
capita plc,460200000,united kingdom,specialty business services,industrials
lookers plc,459300000,united kingdom,auto & truck dealerships,consumer discretionary
alpha financial markets consulting plc,458900000,united kingdom,consulting services,industrials
bmo capital and income investment trust plc,455100000,united kingdom,asset management,financials
riverstone energy limited,454400000,united kingdom,asset management,financials
henderson international income trust,453600000,united kingdom,asset management,financials
accesso technology group plc,450900000,united kingdom,softwareapplication,technology
vp plc,450200000,united kingdom,rental & leasing services,industrials
devro plc,449000000,united kingdom,packaged foods,consumer staples
jubilee metals group plc,445200000,united kingdom,other industrial metals & mining,basic materials
eurasia mining plc,440400000,united kingdom,other precious metals & mining,basic materials
triple point social housing reit plc,439800000,united kingdom,reitdiversified,real estate
s&u plc,"(jan. 1, 2022)",united kingdom,credit services,financials
saga plc,434400000,united kingdom,insurancediversified,financials
fidelity asian values plc,433700000,united kingdom,asset management,financials
aberdeen new india investment trust plc,433600000,united kingdom,asset management,financials
aberdeen diversified income and growth trust plc,428200000,united kingdom,asset management,financials
headlam group plc,428100000,united kingdom,"furnishings, fixtures & appliances",consumer discretionary
benchmark holdings plc,427100000,united kingdom,drug manufacturersspecialty & generic,healthcare
elixirr international plc,424000000,united kingdom,consulting services,industrials
aberdeen new dawn investment trust plc,421300000,united kingdom,asset management,financials
scion tech growth ii,421100000,united kingdom,shell companies,financials
luceco plc,420800000,united kingdom,electrical equipment & parts,industrials
the gym group plc,417000000,united kingdom,leisure,consumer discretionary
trian investors 1 ltd,415400000,united kingdom,asset management,financials
gresham house plc,406700000,united kingdom,asset management,financials
marshall motor holdings plc,406300000,united kingdom,auto & truck dealerships,consumer discretionary
fundsmith emerging equities trust plc,405300000,united kingdom,asset management,financials
jpmorgan china growth & income plc,402800000,united kingdom,asset management,financials
home reit plc,399000000,united kingdom,reitdiversified,real estate
audioboom group plc,397800000,united kingdom,internet content & information,communication services
pensionbee group plc,392800000,united kingdom,softwareapplication,technology
scottish oriental smaller companies trust plc,391400000,united kingdom,asset management,financials
frp advisory group plc,391200000,united kingdom,capital markets,financials
martin currie global portfolio investment trust,390900000,united kingdom,asset management,financials
afc energy plc,390700000,united kingdom,electrical equipment & parts,industrials
aberdeen standard european logistics income plc,385700000,united kingdom,reitindustrial,real estate
porvair plc,385400000,united kingdom,pollution & treatment controls,industrials
rps group plc,384600000,united kingdom,consulting services,industrials
adriatic metals plc,379900000,united kingdom,other industrial metals & mining,basic materials
vh global sustainable energy opportunities plc,378800000,united kingdom,asset management,financials
centralnic group plc,377900000,united kingdom,internet content & information,communication services
schroder real estate investment trust limited,377600000,united kingdom,reitdiversified,real estate
london security plc,"(march 13, 2021)",united kingdom,security & protection services,industrials
funding circle holdings plc,373900000,united kingdom,credit services,financials
tracsis plc,373800000,united kingdom,softwareapplication,technology
amryt pharma plc,"(jan. 1, 2022)",united kingdom,drug manufacturersspecialty & generic,healthcare
baillie gifford uk growth,372500000,united kingdom,asset management,financials
broadstone acquisition corp,"(dec. 1, 2021)",united kingdom,shell companies,financials
speedy hire plc,368900000,united kingdom,specialty business services,industrials
idox plc,368200000,united kingdom,softwareapplication,technology
accsys technologies plc,367800000,united kingdom,lumber & wood production,basic materials
premier oil plc,"(march 13, 2021)",united kingdom,oil & gas e&p,energy
brickability group plc,365000000,united kingdom,industrial distribution,industrials
argo blockchain plc,362500000,united kingdom,capital markets,financials
charles stanley group plc,"(jan. 1, 2022)",united kingdom,asset management,financials
centricus acquisition corp,"(nov. 1, 2021)",united kingdom,shell companies,financials
newriver reit plc,359700000,united kingdom,reitretail,real estate
mckay securities plc,358600000,united kingdom,reitdiversified,real estate
numis corporation plc,358400000,united kingdom,capital markets,financials
bacanora lithium plc,"(jan. 1, 2022)",united kingdom,other industrial metals & mining,basic materials
photo-me international plc,355900000,united kingdom,leisure,consumer discretionary
xps pensions group plc,352900000,united kingdom,personal services,consumer discretionary
telit communications plc,"(march 13, 2021)",united kingdom,communication equipment,technology
aberdeen emerging markets equity income fund inc,350000000,united kingdom,asset management,financials
tatton asset management plc,347200000,united kingdom,asset management,financials
iqe plc,346800000,united kingdom,semiconductor equipment & materials,technology
international biotechnology trust,346300000,united kingdom,asset management,financials
aurora acquisition corp,345600000,united kingdom,shell companies,financials
naked wines plc,344900000,united kingdom,beverageswineries & distilleries,consumer staples
cvc credit partners european opportunities limited,344100000,united kingdom,asset management,financials
goodwin plc,343400000,united kingdom,specialty industrial machinery,industrials
savannah energy plc,343400000,united kingdom,oil & gas e&p,energy
ab dynamics plc,341200000,united kingdom,auto parts,consumer discretionary
unicorn aim vct plc,341000000,united kingdom,asset management,financials
motorpoint group plc,339200000,united kingdom,auto & truck dealerships,consumer discretionary
gooch & housego plc,336400000,united kingdom,electronic components,technology
blackrock frontiers investment trust plc,336300000,united kingdom,asset management,financials
jpmorgan smaller companies investment trust plc,336100000,united kingdom,asset management,financials
schroder japan growth fund plc,"(march 13, 2021)",united kingdom,asset management,financials
city of london investment group plc,335000000,united kingdom,asset management,financials
horizonte minerals plc,333400000,united kingdom,other industrial metals & mining,basic materials
jpmorgan us smaller co inv tst plc,332900000,united kingdom,asset management,financials
loungers plc,330300000,united kingdom,restaurants,consumer discretionary
troy income & growth trust plc,328700000,united kingdom,asset management,financials
premier miton group plc,325600000,united kingdom,asset management,financials
jpmorgan mid cap investment trust plc,324300000,united kingdom,asset management,financials
octopus apollo vct,322600000,united kingdom,asset management,financials
dignity plc,322000000,united kingdom,personal services,consumer discretionary
james latham plc,321300000,united kingdom,industrial distribution,industrials
the independent investment trust plc,320100000,united kingdom,asset management,financials
adaptimmune therapeutics plc,315800000,united kingdom,biotechnology,healthcare
eurocell plc,315300000,united kingdom,building products & equipment,industrials
gateley holdings plc,314900000,united kingdom,consulting services,industrials
i3 energy plc,312900000,united kingdom,oil & gas e&p,energy
cqs new city high yield fund limited,311800000,united kingdom,asset management,financials
invesco asia trust plc,311300000,united kingdom,asset management,financials
fidelity japan trust plc,309200000,united kingdom,asset management,financials
angle plc,307500000,united kingdom,diagnostics & research,healthcare
ricardo plc,307500000,united kingdom,consulting services,industrials
verona pharma plc,307500000,united kingdom,biotechnology,healthcare
autolus therapeutics plc,307300000,united kingdom,biotechnology,healthcare
secure trust bank plc,306400000,united kingdom,banks,financials
proton motor power systeplc,305400000,united kingdom,electrical equipment & parts,industrials
vertu motors plc,304300000,united kingdom,auto & truck dealerships,consumer discretionary
securities trust of scotland plc,304100000,united kingdom,asset management,financials
aa plc,"(march 13, 2021)",united kingdom,personal services,consumer discretionary
wilmington plc,302200000,united kingdom,conglomerates,industrials
river and mercantile group plc,300500000,united kingdom,asset management,financials
augean plc,"(march 13, 2021)",united kingdom,waste management,industrials
ted baker plc,294400000,united kingdom,apparel retail,consumer discretionary
augmentum fintech plc,292500000,united kingdom,asset management,financials
gemfields group limited,291700000,united kingdom,other precious metals & mining,basic materials
bmo real estate investments ltd,291500000,united kingdom,reitdiversified,real estate
henderson high income trust,290700000,united kingdom,asset management,financials
cerillion plc,290000000,united kingdom,softwareapplication,technology
fintel plc,288700000,united kingdom,consulting services,industrials
mears group plc,286600000,united kingdom,specialty business services,industrials
lindsell train investment trust,286500000,united kingdom,asset management,financials
petra diamonds limited,285600000,united kingdom,other precious metals & mining,basic materials
schroder uk public private trust plc,285500000,united kingdom,asset management,financials
tiziana life sciences plc,"(march 13, 2021)",united kingdom,biotechnology,healthcare
ecofin global utilities & infrastructure trust plc,284300000,united kingdom,asset management,financials
nb global monthly income fund ltd gbp,281100000,united kingdom,asset management,financials
keystone law group plc,276800000,united kingdom,personal services,consumer discretionary
schroder income growth fund plc,276800000,united kingdom,asset management,financials
ekf diagnostics holdings plc,275400000,united kingdom,diagnostics & research,healthcare
afh financial group plc,"(march 13, 2021)",united kingdom,asset management,financials
redx pharma plc,274000000,united kingdom,biotechnology,healthcare
cc japan income & growth trust plc,272800000,united kingdom,asset management,financials
montanaro uk smaller companies trust,272100000,united kingdom,asset management,financials
xaar plc,271700000,united kingdom,electronic components,technology
galliford try holdings plc,267500000,united kingdom,engineering & construction,industrials
city merchants high yield trust limited,"(march 13, 2021)",united kingdom,asset management,financials
severfield plc,266200000,united kingdom,engineering & construction,industrials
jpmorgan japan small cap growth & income plc,265800000,united kingdom,asset management,financials
hargreave hale aim vct plc,265700000,united kingdom,asset management,financials
supreme plc,265600000,united kingdom,electrical equipment & parts,industrials
jpmorgan global core real assets limited,265100000,united kingdom,asset management,financials
norcros plc,264800000,united kingdom,building products & equipment,industrials
independent oil and gas plc,264700000,united kingdom,oil & gas e&p,energy
ilika plc,264500000,united kingdom,electrical equipment & parts,industrials
macfarlane group plc,263899999,united kingdom,packaging & containers,consumer discretionary
m&c saatchi plc,262600000,united kingdom,advertising agencies,communication services
schroder uk mid cap,261100000,united kingdom,asset management,financials
animalcare group plc,260500000,united kingdom,medical care facilities,healthcare
andrews sykes group plc,258300000,united kingdom,rental & leasing services,industrials
cohort plc,257399999,united kingdom,aerospace & defense,industrials
the simplybiz group plc,"(march 13, 2021)",united kingdom,consulting services,industrials
aew uk reit ord,253700000,united kingdom,reitdiversified,real estate
hargreaves services plc,253100000,united kingdom,integrated freight & logistics,industrials
u and i group plc,"(dec. 1, 2021)",united kingdom,real estatediversified,real estate
renalytix ai plc,249600000,united kingdom,diagnostics & research,healthcare
impellam group plc,248400000,united kingdom,staffing & employment services,industrials
hyve group plc,247500000,united kingdom,specialty business services,industrials
residential secure income plc,247500000,united kingdom,reitresidential,real estate
manchester & london investment trust plc,247300000,united kingdom,asset management,financials
baillie gifford china growth trust plc,246900000,united kingdom,asset management,financials
mulberry group plc,246600000,united kingdom,footwear & accessories,consumer discretionary
wandisco plc,245500000,united kingdom,softwareapplication,technology
medica group plc,245500000,united kingdom,medical devices,healthcare
the pebble group plc,245000000,united kingdom,advertising agencies,communication services
tribal group plc,244300000,united kingdom,softwareapplication,technology
water intelligence plc,244200000,united kingdom,specialty business services,industrials
strategic equity capital plc,243900000,united kingdom,asset management,financials
hurricane energy plc,243800000,united kingdom,oil & gas e&p,energy
science group plc,243400000,united kingdom,consulting services,industrials
tpximpact holdings plc,240200000,united kingdom,information technology services,technology
agronomics limited,239900000,united kingdom,biotechnology,healthcare
amati aim vct plc,238200000,united kingdom,asset management,financials
iomart group plc,238000000,united kingdom,softwareinfrastructure,technology
k3 capital group plc,237200000,united kingdom,capital markets,financials
avacta group plc,232900000,united kingdom,biotechnology,healthcare
quartix holdings plc,232600000,united kingdom,scientific & technical instruments,technology
curtis banks group plc,231800000,united kingdom,asset management,financials
sdi group plc,230600000,united kingdom,scientific & technical instruments,technology
begbies traynor group plc,230400000,united kingdom,specialty business services,industrials
aurora investment trust,229900000,united kingdom,asset management,financials
creo medical limited,228900000,united kingdom,medical devices,healthcare
aptitude software group plc,228800000,united kingdom,softwareapplication,technology
aberdeen standard equity income trust plc,228700000,united kingdom,asset management,financials
invesco perpetual uk smaller companies investment trust plc,228400000,united kingdom,asset management,financials
twentyfour select monthly income fund limited,225700000,united kingdom,asset management,financials
ten entertainment group plc,225200000,united kingdom,leisure,consumer discretionary
blackrock latin american investment trust plc,224600000,united kingdom,asset management,financials
pantheon international plc,224500000,united kingdom,asset management,financials
ediston property investment company plc,223100000,united kingdom,reitdiversified,real estate
bioventix plc,222600000,united kingdom,biotechnology,healthcare
jersey electricity plc,"(march 13, 2021)",united kingdom,utilitiesregulated electric,utilities
time out group plc,220500000,united kingdom,entertainment,communication services
james fisher and sons plc,220300000,united kingdom,specialty business services,industrials
zoetic international plc,"(march 13, 2021)",united kingdom,drug manufacturersspecialty & generic,healthcare
camellia plc,217400000,united kingdom,farm products,consumer staples
blancco technology group plc,217400000,united kingdom,softwareinfrastructure,technology
instem plc,216700000,united kingdom,health information services,healthcare
allergy therapeutics plc,216300000,united kingdom,drug manufacturersspecialty & generic,healthcare
octopus aim vct plc,215300000,united kingdom,asset management,financials
petropavlovsk plc,212600000,united kingdom,gold,basic materials
pensana plc,212000000,united kingdom,other industrial metals & mining,basic materials
first trust dynamic europe equity income fund,211000000,united kingdom,asset management,financials
invesco income growth trust plc,"(march 13, 2021)",united kingdom,asset management,financials
bmo managed portfolio trust plc,210700000,united kingdom,asset management,financials
anexo group plc,206300000,united kingdom,rental & leasing services,industrials
tristel plc,206200000,united kingdom,medical instruments & supplies,healthcare
inspired plc,206000000,united kingdom,specialty business services,industrials
trifast plc,205200000,united kingdom,tools & accessories,industrials
card factory plc,204600000,united kingdom,specialty retail,consumer discretionary
churchill china plc,203800000,united kingdom,"furnishings, fixtures & appliances",consumer discretionary
jupiter us smaller companies plc,"(march 13, 2021)",united kingdom,asset management,financials
arix bioscience plc,203600000,united kingdom,biotechnology,healthcare
zotefoaplc,202000000,united kingdom,specialty chemicals,basic materials
metro bank plc,200700000,united kingdom,banks,financials
nucleus financial group plc,"(march 13, 2021)",united kingdom,asset management,financials
fonix mobile plc,200600000,united kingdom,information technology services,technology
schroder european real estate investment trust plc,200500000,united kingdom,reitdiversified,real estate
avi japan opportunity trust plc,199700000,united kingdom,asset management,financials
springfield properties plc,199700000,united kingdom,residential construction,consumer discretionary
novacyt sa,198200000,united kingdom,diagnostics & research,healthcare
gabelli value plus trust plc,"(march 13, 2021)",united kingdom,asset management,financials
avingtrans plc,196900000,united kingdom,specialty industrial machinery,industrials
sigma capital group plc,"(march 13, 2021)",united kingdom,reitresidential,real estate
middlefield canadian income pcc,193300000,united kingdom,asset management,financials
circassia group plc,192800000,united kingdom,biotechnology,healthcare
henderson diversified income trust plc,191200000,united kingdom,asset management,financials
studio retail group plc,"(jan. 1, 2022)",united kingdom,specialty retail,consumer discretionary
foxtons group plc,190600000,united kingdom,real estate services,real estate
blackrock energy and resources income trust plc,190300000,united kingdom,asset management,financials
venator materials plc,190200000,united kingdom,specialty chemicals,basic materials
mercia asset management plc,189100000,united kingdom,asset management,financials
chenavari toro income fund ltd,188200000,united kingdom,asset management,financials
keystone positive change investment trust plc,188100000,united kingdom,asset management,financials
stv group plc,188000000,united kingdom,broadcasting,communication services
blackrock north american income trust plc,"(march 13, 2021)",united kingdom,asset management,financials
proven vct plc,"(jan. 1, 2022)",united kingdom,asset management,financials
arbuthnot banking group plc,186900000,united kingdom,banks,financials
m&g credit income investment trust plc,186800000,united kingdom,asset management,financials
franchise brands plc,186500000,united kingdom,specialty business services,industrials
bango plc,186400000,united kingdom,information technology services,technology
equals group plc,183200000,united kingdom,credit services,financials
duke royalty limited,182400000,united kingdom,asset management,financials
aberforth split level income trust plc,182100000,united kingdom,asset management,financials
n brown group plc,180700000,united kingdom,internet retail,consumer discretionary
carr's group plc,180000000,united kingdom,farm products,consumer staples
countrywide plc,"(march 13, 2021)",united kingdom,real estate services,real estate
access intelligence plc,179900000,united kingdom,softwareapplication,technology
caledonia mining corporation plc,179000000,united kingdom,gold,basic materials
h&t group plc,176400000,united kingdom,credit services,financials
knights group holdings plc,174600000,united kingdom,specialty business services,industrials
mind gym plc,174300000,united kingdom,specialty business services,industrials
aquis exchange plc,173900000,united kingdom,financial data & stock exchanges,financials
tmt investments plc,170900000,united kingdom,asset management,financials
superplc,170600000,united kingdom,apparel manufacturing,consumer discretionary
castings plc,169000000,united kingdom,specialty industrial machinery,industrials
calnex solutions plc,169000000,united kingdom,communication equipment,technology
aberdeen income credit strategies fund,168300000,united kingdom,asset management,financials
sureserve group plc,167400000,united kingdom,engineering & construction,industrials
record plc,166800000,united kingdom,asset management,financials
trident royalties plc,166800000,united kingdom,other industrial metals & mining,basic materials
alterola biotech inc,165900000,united kingdom,drug manufacturersspecialty & generic,healthcare
anpario plc,165700000,united kingdom,packaged foods,consumer staples
gresham technologies plc,165400000,united kingdom,softwareapplication,technology
shepherd neame ltd,164300000,united kingdom,beveragesbrewers,consumer staples
chariot ltd,163900000,united kingdom,oil & gas e&p,energy
the character group plc,163700000,united kingdom,leisure,consumer discretionary
wynnstay group plc,160100000,united kingdom,agricultural inputs,basic materials
e-therapeutics plc,160000000,united kingdom,biotechnology,healthcare
pharos energy plc,159900000,united kingdom,oil & gas e&p,energy
amino technologies plc,"(march 13, 2021)",united kingdom,communication equipment,technology
epwin group plc,157500000,united kingdom,building products & equipment,industrials
palace capital plc,157400000,united kingdom,real estate services,real estate
rm plc,156600000,united kingdom,softwareapplication,technology
global value fund limited,155000000,united kingdom,asset management,financials
james cropper plc,154700000,united kingdom,paper & paper products,basic materials
artemis alpha trust plc,153100000,united kingdom,asset management,financials
foresight enterprise vct plc,153000000,united kingdom,asset management,financials
dialight plc,152000000,united kingdom,electrical equipment & parts,industrials
rbg holdings plc,150100000,united kingdom,specialty business services,industrials
up global sourcing holdings plc,148500000,united kingdom,specialty retail,consumer discretionary
advanced oncotherapy plc,147500000,united kingdom,medical devices,healthcare
octopus aim vct 2 plc,146900000,united kingdom,asset management,financials
helios underwriting plc,146800000,united kingdom,insuranceproperty & casualty,financials
aferian plc,146800000,united kingdom,broadcasting,communication services
eagle eye solutions group plc,146400000,united kingdom,softwareapplication,technology
phoenix global resources plc,146200000,united kingdom,oil & gas e&p,energy
nwf group plc,146100000,united kingdom,oil & gas refining & marketing,energy
assetco plc,145900000,united kingdom,security & protection services,industrials
vaccitech plc,145500000,united kingdom,biotechnology,healthcare
edtechx holdings acquisition corp,145000000,united kingdom,shell companies,financials
eckoh plc,144600000,united kingdom,information technology services,technology
bp marsh & partners plc,144300000,united kingdom,asset management,financials
the property franchise group plc,144000000,united kingdom,real estate services,real estate
eco animal health group plc,143800000,united kingdom,drug manufacturersspecialty & generic,healthcare
hss hire group plc,143700000,united kingdom,rental & leasing services,industrials
powerhouse energy group plc,143500000,united kingdom,utilitiesrenewable,utilities
michelmersh brick holdings plc,143000000,united kingdom,building materials,basic materials
sanderson design group plc,142400000,united kingdom,"furnishings, fixtures & appliances",consumer discretionary
arecor therapeutics plc,142400000,united kingdom,biotechnology,healthcare
amedeo air four plus ltd,141700000,united kingdom,aerospace & defense,industrials
costain group plc,141200000,united kingdom,engineering & construction,industrials
esken limited,140800000,united kingdom,conglomerates,industrials
zoo digital group plc,140600000,united kingdom,softwareapplication,technology
the income & growth vct plc,140200000,united kingdom,asset management,financials
topps tiles plc,139900000,united kingdom,home improvement retail,consumer discretionary
downing one vct plc,139800000,united kingdom,asset management,financials
ep global opportunities trust,139100000,united kingdom,asset management,financials
northern venture trust plc,138900000,united kingdom,asset management,financials
kropz plc,138800000,united kingdom,agricultural inputs,basic materials
surface transforplc,137700000,united kingdom,auto parts,consumer discretionary
warrego energy limited,137600000,united kingdom,oil & gas e&p,energy
walker greenbank plc,137000000,united kingdom,"furnishings, fixtures & appliances",consumer discretionary
manolete partners plc,136700000,united kingdom,consulting services,industrials
inland homes plc,136400000,united kingdom,real estatedevelopment,real estate
northern 3 vct plc,135900000,united kingdom,asset management,financials
shanta gold limited,135500000,united kingdom,gold,basic materials
mpac group plc,135300000,united kingdom,specialty industrial machinery,industrials
d4t4 solutions plc,135100000,united kingdom,softwareapplication,technology
bmo uk high income trust plc,133199999,united kingdom,asset management,financials
value and indexed property income trust plc,132100000,united kingdom,asset management,financials
solid state plc,131699999,united kingdom,electronic components,technology
personal group holdings plc,131500000,united kingdom,insuranceproperty & casualty,financials
northern 2 vct plc,131000000,united kingdom,asset management,financials
crystal amber fund ld,129900000,united kingdom,asset management,financials
capital & regional plc,128100000,united kingdom,reitretail,real estate
kitwave group plc,127600000,united kingdom,food distribution,consumer staples
staffline group plc,127300000,united kingdom,staffing & employment services,industrials
bluejay mining plc,126500000,united kingdom,other industrial metals & mining,basic materials
petronor e&p ltd,"(jan. 1, 2022)",united kingdom,oil & gas e&p,energy
the fulham shore plc,124100000,united kingdom,restaurants,consumer discretionary
open orphan plc,123900000,united kingdom,biotechnology,healthcare
dianomi plc,123900000,united kingdom,advertising agencies,communication services
albion enterprise vct plc,123500000,united kingdom,asset management,financials
new star investment trust plc,123400000,united kingdom,asset management,financials
logistics development group plc,"(jan. 1, 2022)",united kingdom,integrated freight & logistics,industrials
quixant plc,123000000,united kingdom,computer hardware,technology
belvoir group plc,122900000,united kingdom,real estate services,real estate
albion development vct plc,122700000,united kingdom,asset management,financials
doric nimrod air three ltd,121800000,united kingdom,rental & leasing services,industrials
achilles therapeutics plc,121700000,united kingdom,biotechnology,healthcare
nexus infrastructure plc,121700000,united kingdom,engineering & construction,industrials
beeks trading corporation ltd,121100000,united kingdom,softwareinfrastructure,technology
celtic plc,118600000,united kingdom,leisure,consumer discretionary
schroder bsc social impact trust plc,118500000,united kingdom,asset management,financials
warpaint london plc,118500000,united kingdom,household & personal products,consumer staples
jpmorgan european investment trust plc,118300000,united kingdom,asset management,financials
dewhurst plc,117500000,united kingdom,electrical equipment & parts,industrials
the city pub group plc,117500000,united kingdom,restaurants,consumer discretionary
oncimmune holdings plc,116800000,united kingdom,biotechnology,healthcare
the conygar investment company plc,115800000,united kingdom,real estatediversified,real estate
flowtech fluidpower plc,114300000,united kingdom,industrial distribution,industrials
triple point energy efficiency infrastructure company plc,114200000,united kingdom,asset management,financials
trans-siberian gold plc,"(march 13, 2021)",united kingdom,gold,basic materials
ferro-alloy resources limited,113500000,united kingdom,other industrial metals & mining,basic materials
afritin mining limited,113500000,united kingdom,other industrial metals & mining,basic materials
geiger counter ltd,113400000,united kingdom,asset management,financials
diaceutics plc,113000000,united kingdom,biotechnology,healthcare
aberdeen asia-pacific income investment company limited,112600000,united kingdom,asset management,financials
finsbury food group plc,112300000,united kingdom,packaged foods,consumer staples
mereo biopharma group plc,112100000,united kingdom,biotechnology,healthcare
sourcebio international plc,112000000,united kingdom,medical care facilities,healthcare
kr1 plc,111600000,united kingdom,asset management,financials
scancell holdings plc,110900000,united kingdom,biotechnology,healthcare
smiths news plc,110700000,united kingdom,publishing,communication services
gear4music holdings plc,109900000,united kingdom,internet retail,consumer discretionary
icg-longbow senior secured uk property debt investments,109600000,united kingdom,asset management,financials
gaming realplc,109300000,united kingdom,gambling,consumer discretionary
netcall plc,108700000,united kingdom,softwareapplication,technology
invinity energy systeplc,108500000,united kingdom,utilitiesdiversified,utilities
portmeirion group plc,108200000,united kingdom,"furnishings, fixtures & appliances",consumer discretionary
distribution finance capital holdings plc,108200000,united kingdom,credit services,financials
velocys plc,107600000,united kingdom,oil & gas equipment & services,energy
4d pharma plc,107000000,united kingdom,biotechnology,healthcare
kooth plc,106400000,united kingdom,internet content & information,communication services
british smaller companies vct 2 plc,106300000,united kingdom,asset management,financials
frenkel topping group plc,105700000,united kingdom,asset management,financials
argentex group plc,105700000,united kingdom,capital markets,financials
town centre securities plc,105200000,united kingdom,reitdiversified,real estate
kkv secured loan fund limited,"(jan. 1, 2022)",united kingdom,asset management,financials
cake box holdings plc,104900000,united kingdom,grocery stores,consumer staples
meridian mining se,104400000,united kingdom,other industrial metals & mining,basic materials
air partner plc,104200000,united kingdom,airports & air services,industrials
eleco plc,104200000,united kingdom,softwareapplication,technology
maven income and growth vct 4 plc,103800000,united kingdom,asset management,financials
epe special opportunities limited,103700000,united kingdom,asset management,financials
rainbow rare earths limited,102000000,united kingdom,other industrial metals & mining,basic materials
gem diamonds limited,101800000,united kingdom,other precious metals & mining,basic materials
iqgeo group plc,101400000,united kingdom,softwareapplication,technology
zephyr energy plc,101300000,united kingdom,oil & gas e&p,energy
scs group plc,101300000,united kingdom,specialty retail,consumer discretionary
caspian sunrise plc,101000000,united kingdom,oil & gas e&p,energy
science in sport plc,100800000,united kingdom,packaged foods,consumer staples
enwell energy plc,99800000,united kingdom,oil & gas e&p,energy
accrol group holdings plc,98600000,united kingdom,household & personal products,consumer staples
ceiba investments ltd,98500000,united kingdom,asset management,financials
the alumasc group plc,98300000,united kingdom,building products & equipment,industrials
woodbois limited,98200000,united kingdom,lumber & wood production,basic materials
savannah resources plc,97400000,united kingdom,other industrial metals & mining,basic materials
virgin wines uk plc,97400000,united kingdom,beverageswineries & distilleries,consumer staples
xpediator plc,95700000,united kingdom,integrated freight & logistics,industrials
inspiration healthcare group plc,95400000,united kingdom,medical devices,healthcare
aquila energy efficiency trust plc,95300000,united kingdom,asset management,financials
purplebricks group plc,95200000,united kingdom,real estate services,real estate
mcbride plc,94800000,united kingdom,household & personal products,consumer staples
trinity exploration & production plc,93200000,united kingdom,oil & gas e&p,energy
braemar shipping services plc,93200000,united kingdom,marine shipping,industrials
arena events group plc,"(jan. 1, 2022)",united kingdom,advertising agencies,communication services
geodrill limited,92300000,united kingdom,other industrial metals & mining,basic materials
onthemarket plc,91800000,united kingdom,internet content & information,communication services
shoe zone plc,91600000,united kingdom,footwear & accessories,consumer discretionary
real estate investors plc,91500000,united kingdom,reitdiversified,real estate
futura medical plc,91500000,united kingdom,biotechnology,healthcare
bespoke capital acquisition corp,"(april 5, 2021)",united kingdom,shell companies,financials
ig design group plc,90600000,united kingdom,specialty retail,consumer discretionary

