name,country,market_value_apr_2022,sector,stock
apple inc,united states,2825000000000.0,technology,aapl
microsoft corporation,united states,2328000000000.0,technology,msft
saudi arabian oil company,saudi arabia,2297000000000.0,energy,2222
alphabet inc,united states,1825000000000.0,communication services,goog
amazoncom inc,united states,1642000000000.0,consumer discretionary,amzn
tesla inc,united states,1016000000000.0,consumer discretionary,tsla
berkshire hathaway inc,united states,798470000000.0,financials,brk.a
nvidia corporation,united states,660380000000.0,technology,nvda
meta platforinc,united states,617500000000.0,communication services,meta
taiwan semiconductor manufacturing company limited,taiwan,527890000000.0,technology,2330
unitedhealth group incorporated,united states,488520000000.0,healthcare,unh
visa inc,united states,486770000000.0,financials,v
johnson & johnson,united states,475930000000.0,healthcare,jnj
tencent holdings ltd,china,441170000000.0,communication services,700
walmart inc,united states,429050000000.0,consumer staples,wmt
jpmorgan chase & co,united states,410840000000.0,financials,jpm
the procter & gamble company,united states,384600000000.0,consumer staples,pg
samsung electronics co ltd,south korea,378350000000.0,technology,5930
lvmh moet hennessy - louis vuitton se,france,359260000000.0,consumer discretionary,mc
mastercard incorporated,united states,358600000000.0,financials,ma
bank of america corporation,united states,350840000000.0,financials,bac
roche holding ag,switzerland,349500000000.0,healthcare,rog
exxon mobil corporation,united states,348720000000.0,energy,xom
kweichow moutai co ltd,china,348220000000.0,consumer staples,600519
the home depot inc,united states,321470000000.0,consumer discretionary,hd
chevron corporation,united states,315130000000.0,energy,cvx
pfizer inc,united states,300790000000.0,healthcare,pfe
abbvie inc,united states,294270000000.0,healthcare,abbv
alibaba group holding limited,china,290400000000.0,consumer discretionary,9988
asml holding nv,netherlands,274350000000.0,technology,asml
the coca-cola company,united states,273200000000.0,consumer staples,ko
eli lilly and company,united states,273010000000.0,healthcare,lly
broadcom inc,united states,265269999999.0,technology,avgo
costco wholesale corporation,united states,258149999999.0,consumer staples,cost
novo nordisk a/s,denmark,257240000000.0,healthcare,novo.b
industrial & commercial bank of china ltd,china,250370000000.0,financials,601398
the walt disney company,united states,247880000000.0,communication services,dis
pepsico inc,united states,241050000000.0,consumer staples,pep
cisco systeinc,united states,238450000000.0,technology,csco
thermo fisher scientific inc,united states,236150000000.0,healthcare,tmo
oracle corporation,united states,228180000000.0,technology,orcl
l'oreal sa,france,225240000000.0,consumer staples,or
accenture plc,ireland,219030000000.0,technology,acn
comcast corporation,united states,218900000000.0,communication services,cmcsa
verizon communications inc,united states,216680000000.0,communication services,vz
abbott laboratories,united states,215020000000.0,healthcare,abt
nike inc,united states,213600000000.0,consumer discretionary,nke
bhp group,australia,211250000000.0,basic materials,bhp
merck & co inc,united states,210380000000.0,healthcare,mrk
danaher corporation,united states,208030000000.0,healthcare,dhr
shell plc,united kingdom,207680000000.0,energy,shel
novartis ag,switzerland,204130000000.0,healthcare,novn
astrazeneca plc,united kingdom,201750000000.0,healthcare,azn
intel corporation,united states,201720000000.0,technology,intc
wells fargo & company,united states,200010000000.0,financials,wfc
adobe inc,united states,199570000000.0,technology,adbe
salesforcecom inc,united states,193800000000.0,technology,crm
united parcel service inc,united states,190500000000.0,industrials,ups
china construction bank corp,china,189370000000.0,financials,601939
mcdonald's corporation,united states,186570000000.0,consumer discretionary,mcd
china merchants bank co ltd,china,185980000000.0,financials,600036
contemporary amperex technology co ltd,china,185670000000.0,industrials,300750
union pacific corporation,united states,184190000000.0,industrials,unp
at&t inc,united states,175880000000.0,communication services,t
qualcomm incorporated,united states,172250000000.0,technology,qcom
texas instruments incorporated,united states,171280000000.0,technology,txn
bristol-myers squibb company,united states,170560000000.0,healthcare,bmy
prosus nv,netherlands,170000000000.0,communication services,prx
linde plc,united kingdom,166070000000.0,basic materials,lin
nextera energy inc,united states,165530000000.0,utilities,nee
agricultural bank of china ltd,china,165000000000.0,financials,601288
t-mobile us inc,united states,164310000000.0,communication services,tmus
morgan stanley,united states,164050000000.0,financials,ms
netflix inc,united states,163190000000.0,communication services,nflx
royal bank of canada,canada,159740000000.0,financials,ry
the charles schwab corporation,united states,158060000000.0,financials,schw
philip morris international inc,united states,154710000000.0,consumer staples,pm
medtronic plc,ireland,151060000000.0,healthcare,mdt
raytheon technologies corporation,united states,150960000000.0,industrials,rtx
american express company,united states,150760000000.0,financials,axp
hermes international sca,france,148980000000.0,consumer discretionary,rms
toronto-dominion bank,canada,145410000000.0,financials,td
petrochina company limited,china,144500000000.0,energy,601857
commonwealth bank of australia,australia,144320000000.0,financials,cba
lowe's companies inc,united states,143770000000.0,consumer discretionary,low
amgen inc,united states,141720000000.0,healthcare,amgn
bank of china ltd,china,141220000000.0,financials,601988
hsbc holdings plc,united kingdom,140150000000.0,financials,hsba
china mobile ltd,hong kong,139300000000.0,communication services,941
totalenergies se,france,137500000000.0,energy,tte
honeywell international inc,united states,136479999999.0,industrials,hon
conocophillips,united states,136320000000.0,energy,cop
cvs health corporation,united states,135270000000.0,healthcare,cvs
ping an insurance group company of china ltd,china,134250000000.0,financials,601318
sap se,germany,134190000000.0,technology,sap
paypal holdings inc,united states,133919999999.0,financials,pypl
sanofi,france,132289999999.0,healthcare,san
deere & company,united states,130310000000.0,industrials,de
advanced micro devices inc,united states,128289999999.0,technology,amd
intuit inc,united states,126770000000.0,technology,intu
sony group corporation,japan,126640000000.0,technology,6758
rio tinto group,united kingdom,125840000000.0,basic materials,rio
aia group ltd,hong kong,125160000000.0,financials,1299
lockheed martin corporation,united states,124980000000.0,industrials,lmt
caterpillar inc,united states,124130000000.0,industrials,cat
anheuser-busch inbev sa/nv,belgium,,consumer staples,abi
equinor asa,,122740000000.0,,eqnr
christian dior se,france,122110000000.0,consumer discretionary,cdi
prologis inc,united states,121200000000.0,real estate,pld
applied materials inc,united states,121120000000.0,technology,amat
anthem inc,united states,119800000000.0,healthcare,antm
international business machines corporation,united states,119200000000.0,technology,ibm
unilever plc,united kingdom,117840000000.0,consumer staples,ulvr
blackrock inc,united states,115980000000.0,financials,blk
hdfc bank limited,india,115680000000.0,financials,hdb
diageo plc,united kingdom,115580000000.0,consumer staples,dge
american tower corporation reit,united states,115110000000.0,real estate,amt
siemens ag,germany,114660000000.0,industrials,sie
meituan,china,114280000000.0,consumer discretionary,3690
keyence corp,japan,113200000000.0,technology,6861
the goldman sachs group inc,united states,112710000000.0,financials,gs
transurban group,australia,110790000000.0,industrials,tcl
industria de diseno textil sa,spain,,consumer discretionary,itx
the boeing company,united states,110460000000.0,industrials,ba
glaxosmithkline plc,united kingdom,109980000000.0,healthcare,gsk
citigroup inc,united states,109560000000.0,financials,c
volkswagen ag,germany,108630000000.0,consumer discretionary,vow3
starbucks corporation,united states,108190000000.0,consumer discretionary,sbux
vale sa,brazil,107990000000.0,basic materials,vale3
servicenow inc,united states,107990000000.0,technology,now
target corporation,united states,106890000000.0,consumer staples,tgt
infosys limited,india,106770000000.0,technology,infy
al rajhi banking and investment corp,saudi arabia,106370000000.0,financials,1120
airbnb inc,united states,105070000000.0,communication services,abnb
charter communications inc,united states,104970000000.0,communication services,chtr
byd co ltd,china,104420000000.0,consumer discretionary,2594
saudi basic industries corp,saudi arabia,104000000000.0,basic materials,2010
nippon telegraph & telephone corp,japan,103750000000.0,communication services,9432
altria group inc,united states,102980000000.0,consumer staples,mo
british american tobacco plc,united kingdom,101440000000.0,consumer staples,bats
stryker corporation,united states,101410000000.0,healthcare,syk
s&p global inc,united states,100840000000.0,financials,spgi
the estee lauder companies inc,united states,100160000000.0,consumer staples,el
general electric company,united states,99220000000.0,industrials,ge
daimler ag,germany,,consumer discretionary,dai
chubb limited,switzerland,98570000000.0,financials,cb
allianz se,germany,98470000000.0,financials,alv
petroleo brasileiro sa - petrobras,brazil,98370000000.0,energy,pbr
airbus se,netherlands,97410000000.0,industrials,air
china life insurance company limited,china,97310000000.0,financials,lfc
automatic data processing inc,united states,96980000000.0,industrials,adp
bp plc,united kingdom,96240000000.0,energy,bp.
china shenhua energy company ltd,china,95340000000.0,energy,601088
booking holdings inc,united states,95020000000.0,consumer discretionary,bkng
canadian national railway company,canada,94960000000.0,industrials,cnr
enbridge inc,canada,94940000000.0,energy,enb
schneider electric se,france,94340000000.0,industrials,su
deutsche telekom ag,germany,93010000000.0,communication services,dte
merck kommanditgesellschaft auf aktien,germany,90740000000.0,healthcare,mrk
mondelez international inc,united states,90670000000.0,consumer staples,mdlz
jdcom inc,china,90460000000.0,consumer discretionary,9618
vulcan international corp,united states,90340000000.0,basic materials,vulc
zoetis inc,united states,89820000000.0,healthcare,zts
csl limited,australia,89690000000.0,healthcare,csl
3m company,united states,88770000000.0,industrials,mmm
duke energy corporation,united states,88760000000.0,utilities,duk
bank of nova scotia,canada,87760000000.0,financials,bns
the blackstone group inc,united states,87640000000.0,financials,bx
brookfield asset management inc,canada,87460000000.0,financials,bam.a
glencore plc,switzerland,87310000000.0,basic materials,glen
cme group inc,united states,87170000000.0,financials,cme
marsh & mclennan companies inc,united states,87160000000.0,financials,mmc
micron technology inc,united states,86490000000.0,technology,mu
mitsubishi ufj financial group inc,japan,85030000000.0,financials,8306
cigna corporation,united states,84670000000.0,healthcare,ci
shopify inc,canada,83800000000.0,technology,shop
air liquide sa,france,83240000000.0,basic materials,ai
hca healthcare inc,united states,82600000000.0,healthcare,hca
national australia bank limited,australia,81030000000.0,financials,nab
crown castle international corp reit,united states,80920000000.0,real estate,cci
essilorluxottica sa,france,80490000000.0,healthcare,el
us bancorp,united states,80160000000.0,financials,usb
tokyo electron ltd,japan,79620000000.0,technology,8035
bank of montreal,canada,79220000000.0,financials,bmo
kering sa,france,78660000000.0,consumer discretionary,ker
china yangtze power co ltd,china,78420000000.0,utilities,600900
china petroleum & chemical corporation,china,78390000000.0,energy,600028
the southern company,united states,78380000000.0,utilities,so
lam research corporation,united states,77600000000.0,technology,lrcx
the pnc financial services group inc,united states,77100000000.0,financials,pnc
becton dickinson and company,united states,76980000000.0,healthcare,bdx
gilead sciences inc,united states,76150000000.0,healthcare,gild
regeneron pharmaceuticals inc,united states,74910000000.0,healthcare,regn
truist financial corporation,united states,74790000000.0,financials,tfc
canadian natural resources limited,canada,74780000000.0,energy,cnq
intercontinental exchange inc,united states,74170000000.0,financials,ice
the tjx companies inc,united states,73990000000.0,consumer discretionary,tjx
atlassian corporation plc,australia,73720000000.0,technology,team
zurich insurance group ag,switzerland,73580000000.0,financials,zurn
edwards lifesciences corporation,united states,73380000000.0,healthcare,ew
aon plc,united kingdom,73330000000.0,financials,aon
northrop grumman corporation,united states,73250000000.0,industrials,noc
kddi corp,japan,73120000000.0,communication services,9433
norfolk southern corporation,united states,72310000000.0,industrials,nsc
freeport-mcmoran inc,united states,72160000000.0,basic materials,fcx
wal-mart de mexico sab de cv,mexico,71960000000.0,consumer staples,walmex
pt bank central asia tbk,indonesia,71910000000.0,financials,bbca
eog resources inc,united states,71900000000.0,energy,eog
siemens healthineers ag,germany,71500000000.0,healthcare,shl
anglo american plc,united kingdom,71480000000.0,basic materials,aal
moderna inc,united states,70810000000.0,healthcare,mrna
general dynamics corporation,united states,70550000000.0,industrials,gd
axa sa,france,70200000000.0,financials,cs
dominion energy inc,united states,70200000000.0,utilities,d
enel spa,italy,70150000000.0,utilities,enel
bnp paribas sa,france,69900000000.0,financials,bnp
america movil sab de cv,mexico,,communication services,amxa
public storage,united states,69310000000.0,real estate,psa
ubs group ag,switzerland,68930000000.0,financials,ubsg
sberbank of russia pjsc,russia,68690000000.0,financials,sber
fiserv inc,united states,68680000000.0,technology,fisv
iberdrola sa,spain,68230000000.0,utilities,ibe
recruit holdings co ltd,japan,68110000000.0,industrials,6098
bayer ag,germany,68090000000.0,healthcare,bayn
the sherwin-williacompany,united states,67540000000.0,basic materials,shw
vertex pharmaceuticals incorporated,united states,67489999999.0,healthcare,vrtx
illinois tool works inc,united states,67489999999.0,industrials,itw
the progressive corporation,united states,67310000000.0,financials,pgr
westpac banking corporation,australia,67200000000.0,financials,wbc
abb ltd,switzerland,67190000000.0,industrials,abbn
waste management inc,united states,66950000000.0,industrials,wm
industrial bank co ltd,china,66870000000.0,financials,601166
dbs group holdings ltd,singapore,66739999999.0,financials,d05
icici bank limited,india,66620000000.0,financials,ibn
equinix inc reit,united states,66349999999.0,real estate,eqix
newmont corporation,united states,65890000000.0,basic materials,nem
ford motor company,united states,65739999999.0,consumer discretionary,f
colgate-palmolive company,united states,65640000000.0,consumer staples,cl
exelon corporation,united states,65530000000.0,utilities,exc
snowflake inc,united states,65040000000.0,technology,snow
oriental land co ltd,japan,64660000000.0,consumer discretionary,4661
sk hynix inc,south korea,,technology,660
ap moller - maersk a-s,denmark,64400000000.0,industrials,maersk.b
shin-etsu chemical co ltd,japan,63430000000.0,basic materials,4063
fedex corporation,united states,63250000000.0,industrials,fdx
boston scientific corporation,united states,63080000000.0,healthcare,bsx
pacificorp,united states,62870000000.0,utilities,ppwlm
dassault systemes se,france,62750000000.0,technology,dsy
metlife inc,united states,62690000000.0,financials,met
general motors company,united states,62690000000.0,consumer discretionary,gm
sea limited,singapore,62660000000.0,communication services,se
uber technologies inc,united states,62660000000.0,technology,uber
moody's corporation,united states,62580000000.0,financials,mco
nintendo co ltd,japan,62200000000.0,communication services,7974
pioneer natural resources company,united states,62190000000.0,energy,pxd
eaton corporation plc,ireland,62170000000.0,industrials,etn
analog devices inc,united states,62000000000.0,technology,adi
fidelity national information services inc,united states,61730000000.0,technology,fis
banco santander sa,spain,61670000000.0,financials,san
hapag-lloyd ag,germany,61460000000.0,industrials,hlag
adyen nv,netherlands,61110000000.0,technology,adyen
atlas copco ab,sweden,60970000000.0,industrials,atco.a
cnooc limited,hong kong,60190000000.0,energy,883
nutrien ltd,canada,60060000000.0,basic materials,ntr
block inc,united states,59950000000.0,technology,sq
deutsche post ag,germany,59800000000.0,industrials,dpwa
netease inc,china,59760000000.0,communication services,9999
hong kong exchanges & clearing ltd,hong kong,59750000000.0,financials,388
capital one financial corporation,united states,59670000000.0,financials,cof
emerson electric co,united states,59660000000.0,industrials,emr
palo alto networks inc,united states,59650000000.0,technology,panw
australia and new zealand banking group limited,australia,59550000000.0,financials,anz
reckitt benckiser group plc,united kingdom,,consumer staples,rkt
nongfu spring co ltd,china,59500000000.0,consumer staples,9633
saudi telecom company,saudi arabia,59470000000.0,communication services,7010
southern copper corporation,united states,59460000000.0,basic materials,scco
shenzhen mindray bio-medical electronics co ltd,china,59260000000.0,healthcare,300760
vinci sa,france,59010000000.0,industrials,dg
workday inc,united states,58700000000.0,technology,wday
relx plc,united kingdom,58530000000.0,communication services,rel
marvell technology group ltd,,58360000000.0,,mrvl
air products and chemicals inc,united states,57820000000.0,basic materials,apd
pernod ricard sa,france,57750000000.0,consumer staples,ri
schlumberger limited,united states,57630000000.0,energy,slb
marvell technology inc,united states,57620000000.0,technology,9mw
itau unibanco holding sa,brazil,57450000000.0,financials,itub
enterprise products partners lp,united states,57430000000.0,energy,epd
foshan haitian flavouring and food company ltd,china,57400000000.0,consumer staples,603288
mitsubishi corp,japan,57230000000.0,industrials,8058
canadian imperial bank of commerce,canada,57200000000.0,financials,cm
marriott international inc,united states,57180000000.0,consumer discretionary,mar
pinduoduo inc,china,57090000000.0,consumer discretionary,pdd
ihs markit ltd,united kingdom,,industrials,info
the saudi national bank,saudi arabia,56890000000.0,financials,1180
tc energy corporation,canada,56770000000.0,energy,trp
humana inc,united states,56550000000.0,healthcare,hum
kla corporation,united states,56480000000.0,technology,klac
bank of communications co ltd,china,56380000000.0,financials,601328
bayerische motoren werke ag,germany,56170000000.0,consumer discretionary,bmwb
macquarie group limited,australia,55990000000.0,financials,mqg
national grid plc,united kingdom,55880000000.0,utilities,ng.
daikin industriesltd,japan,55580000000.0,industrials,6367
chugai pharmaceutical co ltd,japan,55310000000.0,healthcare,4519
keurig pepper inc,united states,55280000000.0,consumer staples,kdp
ergo science corp,united states,,industrials,ergn
softbank group corp,japan,54930000000.0,communication services,9984
heineken nv,netherlands,54870000000.0,consumer staples,heia
ambev sa,brazil,54690000000.0,consumer staples,abev3
canadian pacific railway limited,canada,54590000000.0,industrials,cp
marathon petroleum corporation,united states,54540000000.0,energy,mpc
american international group inc,united states,54310000000.0,financials,aig
dollar general corporation,united states,54300000000.0,consumer staples,dg
fortinet inc,united states,53860000000.0,technology,ftnt
snap inc,united states,53860000000.0,communication services,snap
ferrari nv,italy,53780000000.0,consumer discretionary,race
lonza group ltd,switzerland,53760000000.0,healthcare,lonn
london stock exchange group plc,united kingdom,53330000000.0,financials,lseg
thomson reuters corporation,canada,53300000000.0,industrials,tri
basf se,germany,52760000000.0,basic materials,bas
sempra energy,united states,52470000000.0,utilities,sre
occidental petroleum corporation,united states,52300000000.0,energy,oxy
liberty bancshares inc oh,united states,,financials,lbsi
fast retailing co ltd,japan,52290000000.0,consumer discretionary,9983
nxp semiconductors nv,netherlands,52280000000.0,technology,nxpi
xilinx inc,united states,,technology,xlnx
itochu corp,japan,52190000000.0,industrials,8001
eni spa,italy,52000000000.0,energy,eni
stellantis nv,netherlands,51800000000.0,consumer discretionary,stla
bce inc,canada,51710000000.0,communication services,bce
denso corp,japan,51580000000.0,consumer discretionary,6902
toyota motor corporation,japan,51550000000.0,consumer discretionary,7203
l3harris technologies inc,united states,51510000000.0,industrials,lhx
agribank fcb,united states,,financials,agrip
general accident plc,united kingdom,51430000000.0,financials,gaca
archer-daniels-midland company,united states,51030000000.0,consumer staples,adm
american electric power company inc,united states,50950000000.0,utilities,aep
fortescue metals group limited,australia,50760000000.0,basic materials,fmg
hon hai precision industry co ltd,taiwan,50750000000.0,technology,2317
china tourism group duty free corp ltd,china,50460000000.0,consumer discretionary,601888
ecolab inc,united states,50290000000.0,basic materials,ecl
novatek pjsc,russia,50190000000.0,energy,nvtk
synopsys inc,united states,50180000000.0,technology,snps
safran sa,france,50020000000.0,industrials,saf
illumina inc,united states,49910000000.0,healthcare,ilmn
mercadolibre inc,argentina,49830000000.0,consumer discretionary,meli
roper technologies inc,united states,49660000000.0,industrials,rop
the kraft heinz company,united states,49420000000.0,consumer staples,khc
centene corporation,united states,49320000000.0,healthcare,cnc
paychex inc,united states,49230000000.0,industrials,payx
honda motor co ltd,japan,49110000000.0,consumer discretionary,7267
hitachi ltd,japan,48920000000.0,industrials,6501
scentre group,australia,48830000000.0,real estate,scg
mediatek inc,taiwan,48740000000.0,technology,2454
lululemon athletica inc,canada,48520000000.0,consumer discretionary,lulu
dow inc,united states,48500000000.0,basic materials,dow
rosneft oil co pjsc,russia,48500000000.0,energy,rosn
mckesson corporation,united states,48460000000.0,healthcare,mck
suncor energy inc,canada,48270000000.0,energy,su
vmware inc,united states,48170000000.0,technology,vmw
johnson controls international plc,ireland,48150000000.0,industrials,jci
o'reilly automotive inc,united states,48140000000.0,consumer discretionary,orly
grupo mexico sab de cv,mexico,48000000000.0,basic materials,gmexicob
crowdstrike holdings inc,united states,47890000000.0,technology,crwd
naspers ltd,south africa,47730000000.0,communication services,npn
autodesk inc,united states,47690000000.0,technology,adsk
prudential financial inc,united states,47170000000.0,financials,pru
open joint stock company omz,russia,47150000000.0,industrials,omzzp
cognizant technology solutions corporation,united states,47070000000.0,technology,ctsh
nucor corporation,united states,46860000000.0,basic materials,nue
dexcom inc,united states,46860000000.0,healthcare,dxcm
banco bradesco sa,brazil,46710000000.0,financials,bbdc3
nidec corp,japan,46330000000.0,industrials,6594
adidas ag,germany,46130000000.0,consumer discretionary,ads1
sika ag,switzerland,46010000000.0,basic materials,sika
baidu inc,china,45980000000.0,communication services,9888
takeda pharmaceutical company limited,japan,45890000000.0,healthcare,4502
the hershey company,united states,45830000000.0,consumer staples,hsy
amphenol corporation,united states,45770000000.0,technology,aph
vanjia corp,united states,,consumer discretionary,vnja
vodafone group plc,united kingdom,45740000000.0,communication services,vod
idexx laboratories inc,united states,45640000000.0,healthcare,idxx
the travelers companies inc,united states,45560000000.0,financials,trv
infineon technologies ag,germany,45350000000.0,technology,ifxa
constellation brands inc,united states,45210000000.0,consumer staples,stz
datadog inc,united states,45130000000.0,technology,ddog
mitsui & co ltd,japan,45090000000.0,energy,8031
saudi arabian mining company,saudi arabia,45000000000.0,basic materials,1211
pjsc lukoil,russia,44960000000.0,energy,lkoh
intesa sanpaolo spa,italy,44950000000.0,financials,isp
te connectivity ltd,switzerland,44780000000.0,technology,tel
autozone inc,united states,44390000000.0,consumer discretionary,azo
iqvia holdings inc,united states,44320000000.0,healthcare,iqv
cintas corporation,united states,44320000000.0,industrials,ctas
cadence design systeinc,united states,44230000000.0,technology,cdns
chipotle mexican grill inc,united states,44110000000.0,consumer discretionary,cmg
sumitomo mitsui financial group inc,japan,44060000000.0,financials,8316
samsung biologics coltd,south korea,44010000000.0,healthcare,207940
wipro limited,india,43980000000.0,technology,wipro
zijin mining group co ltd,china,43930000000.0,basic materials,601899
hp inc,united states,43900000000.0,technology,hpq
lloyds banking group plc,united kingdom,43700000000.0,financials,lloy
simon property group inc,united states,43690000000.0,real estate,spg
aflac incorporated,united states,43590000000.0,financials,afl
barrick gold corporation,canada,43500000000.0,basic materials,abx
murata manufacturing co ltd,japan,43410000000.0,technology,6981
kinder morgan inc,united states,43380000000.0,energy,kmi
kimberly-clark corporation,united states,43210000000.0,consumer staples,kmb
xiaomi corp,china,43100000000.0,technology,1810
wesfarmers limited,australia,43090000000.0,consumer discretionary,wes
republic services inc,united states,42910000000.0,industrials,rsg
hoya corp,japan,42880000000.0,healthcare,7741
yihai kerry arawana holdings co ltd,china,42840000000.0,consumer staples,300999
monster beverage corporation,united states,42810000000.0,consumer staples,mnst
longi green energy technology co ltd,china,42680000000.0,technology,601012
corteva inc,united states,42660000000.0,basic materials,ctva
general mills inc,united states,42650000000.0,consumer staples,gis
seven & i holdings co ltd,japan,42530000000.0,consumer staples,3382
dsv panalpina a-s,denmark,42490000000.0,industrials,dsv
hilton worldwide holdings inc,united states,42390000000.0,consumer discretionary,hlt
wuxi apptec co ltd,china,42250000000.0,healthcare,603259
sysco corporation,united states,42220000000.0,consumer staples,syy
the kroger co,united states,42030000000.0,consumer staples,kr
manulife financial corporation,canada,41980000000.0,financials,mfc
biontech se,germany,41930000000.0,healthcare,22ua
stmicroelectronics nv,switzerland,41910000000.0,technology,stm
devon energy corporation,united states,41820000000.0,energy,dvn
the williacompanies inc,united states,41600000000.0,energy,wmb
the allstate corporation,united states,41540000000.0,financials,all
hang seng bank limited,hong kong,41470000000.0,financials,11
valero energy corporation,united states,41270000000.0,energy,vlo
ing groep nv,netherlands,41250000000.0,financials,inga
mmc norilsk nickel pjsc,russia,41160000000.0,basic materials,gmkn
motorola solutions inc,united states,40870000000.0,technology,msi
east money information coltd,china,40830000000.0,communication services,300059
the bank of new york mellon corporation,united states,40830000000.0,financials,bk
carrier global corporation,united states,40790000000.0,industrials,carr
oversea-chinese banking corp ltd,singapore,40770000000.0,financials,o39
digital realty trust inc,united states,40640000000.0,real estate,dlr
walgreens boots alliance inc,united states,40550000000.0,healthcare,wba
agilent technologies inc,united states,40490000000.0,healthcare,a
global payments inc,united states,40350000000.0,industrials,gpn
citic securities company ltd,china,40170000000.0,financials,600030
baxter international inc,united states,40130000000.0,healthcare,bax
boc hong kong holdings ltd,hong kong,39990000000.0,financials,2388
msci inc,united states,39970000000.0,financials,msci
welltower inc,united states,39960000000.0,real estate,well
xcel energy inc,united states,39760000000.0,utilities,xel
united overseas bank ltd,singapore,39730000000.0,financials,u11
wanhua chemical group co ltd,china,39730000000.0,basic materials,600309
dupont de nemours inc,united states,39720000000.0,basic materials,dd
eqt ab,japan,39710000000.0,financials,6eq
alimentation couche-tard inc,canada,,consumer staples,atd.b
ebay inc,united states,39340000000.0,consumer discretionary,ebay
givaudan sa,switzerland,39290000000.0,basic materials,givn
novozymes a-s,denmark,39030000000.0,basic materials,nzym.b
prudential plc,united kingdom,39000000000.0,financials,pru
alcon inc,switzerland,38900000000.0,healthcare,alc
ecopetrol sa,,38690000000.0,,ec
baker hughes company,united states,38390000000.0,energy,bkr
banco bilbao vizcaya argentaria sa,spain,38250000000.0,financials,bbva
dell technologies inc,united states,38160000000.0,technology,dell
kuaishou technology,china,38150000000.0,communication services,1024
ab volvo,sweden,38130000000.0,industrials,vol4
credit agricole sa,france,38010000000.0,financials,aca
dollar tree inc,united states,38000000000.0,consumer staples,dltr
sba communications corporation,united states,37930000000.0,real estate,sbac
capgemini se,france,37820000000.0,technology,cap
daiichi sankyo company ltd,japan,37790000000.0,healthcare,4568
compass group plc,united kingdom,37730000000.0,consumer discretionary,cpg
sartorius stedim biotech sa,france,37550000000.0,healthcare,dim
pt bank rakyat indonesia persero tbk,indonesia,,financials,byra
phillips 66,united states,37510000000.0,energy,psx
electronic arts inc,united states,37380000000.0,communication services,ea
trane technologies plc,ireland,37360000000.0,industrials,tt
smc corp,japan,37080000000.0,industrials,6273
parker-hannifin corporation,united states,37050000000.0,industrials,ph
tokio marine holdings inc,japan,,financials,8766
jiangsu hengrui medicine co ltd,china,36900000000.0,healthcare,600276
beijing-shanghai high-speed railway coltd,china,36900000000.0,industrials,601816
munchener ruckversicherungs-gesellschaft aktiengesellschaft in munchen,germany,36890000000.0,financials,muv2
doordash inc,united states,36740000000.0,communication services,dash
shanghai pudong development bank co ltd,china,36720000000.0,financials,600000
constellation software inc,canada,36670000000.0,technology,csu
inner mongolia yili industrial group co ltd,china,36610000000.0,consumer staples,600887
telus corporation,canada,36370000000.0,communication services,t
public service enterprise group incorporated,united states,36280000000.0,utilities,peg
transdigm group incorporated,united states,36140000000.0,industrials,tdg
waste connections inc,united states,36140000000.0,industrials,wcn
lyondellbasell industries nv,united states,35960000000.0,basic materials,lyb
da sa,france,35930000000.0,consumer staples,bn
cloudflare inc,united states,35920000000.0,technology,net
nio limited,china,35860000000.0,consumer discretionary,nio
coinbase global inc,united states,35860000000.0,technology,coin
shanxi xinghuacun fen wine factory coltd,china,35840000000.0,consumer staples,600809
neste oyj,finland,35570000000.0,energy,neste
resmed inc,united states,35440000000.0,healthcare,rmd
experian plc,ireland,35400000000.0,industrials,expn
intuitive surgical inc,united states,35370000000.0,healthcare,isrg
woolworths group limited,australia,35330000000.0,consumer staples,wow
mplx lp,united states,35270000000.0,energy,mplx
telstra corporation limited,australia,35240000000.0,communication services,tls
hexagon ab,sweden,35210000000.0,technology,hxg
assicurazioni generali,italy,35200000000.0,financials,g
avalonbay communities inc,united states,35190000000.0,real estate,avb
imperial oil limited,canada,35130000000.0,energy,imo
yum brands inc,united states,35120000000.0,consumer discretionary,yum
sun hung kai properties ltd,hong kong,35040000000.0,real estate,16
old dominion freight line inc,united states,34940000000.0,industrials,odfl
cheniere energy inc,united states,34920000000.0,energy,lng
consolidated edison inc,united states,34890000000.0,utilities,ed
china citic bank corp ltd,china,34840000000.0,financials,601998
budweiser brewing company apac ltd,hong kong,34730000000.0,consumer staples,1876
arcelormittal,,34660000000.0,,mt
ameriprise financial inc,united states,34640000000.0,financials,amp
fastenal company,united states,34580000000.0,industrials,fast
align technology inc,united states,34490000000.0,healthcare,algn
verbund ag,,34440000000.0,,oew
sydney airport limited,australia,,industrials,syd
verisk analytics inc,united states,34390000000.0,industrials,vrsk
z holdings corp,japan,34240000000.0,consumer discretionary,4689
arthur j gallagher & co,united states,34220000000.0,financials,ajg
chongqing zhifei biological products co ltd,china,34130000000.0,healthcare,300122
equity residential,united states,34110000000.0,real estate,eqr
chunghwa telecom co ltd,taiwan,34060000000.0,communication services,2412
t rowe price group inc,united states,34009999999.0,financials,trow
halliburton company,united states,33950000000.0,energy,hal
tyson foods inc,united states,33729999999.0,consumer staples,tsn
discover financial services,united states,33729999999.0,financials,dfs
kuehne nagel international ag,switzerland,33689999999.0,industrials,knin
fanuc corp,japan,33680000000.0,industrials,6954
mtr corp ltd,hong kong,33659999999.0,industrials,66
poly developments and holdings group co ltd,china,33640000000.0,real estate,600048
kkr & co inc,united states,33490000000.0,financials,kkr
mizuho financial group inc,japan,33470000000.0,financials,8411
ptt pcl,thailand,33460000000.0,energy,ptt
koninklijke ahold delhaize nv,netherlands,33430000000.0,consumer staples,ad
china vanke co ltd,china,33350000000.0,real estate,2
international flavors & fragrances inc,united states,33320000000.0,basic materials,iff
telefonaktiebolaget lm ericsson,sweden,33290000000.0,technology,eric.a
china resources land ltd,hong kong,33259999999.0,real estate,1109
zoom video communications inc,united states,33220000000.0,communication services,zm
otis worldwide corporation,united states,33090000000.0,industrials,otis
sun life financial inc,canada,33080000000.0,financials,slf
rockwell automation inc,united states,33049999999.0,industrials,rok
aptiv plc,ireland,33020000000.0,consumer discretionary,aptv
cenovus energy inc,canada,33020000000.0,energy,cve
deutsche borse ag,germany,32990000000.0,financials,db1
orange sa,france,32840000000.0,communication services,ora
hess corporation,united states,32810000000.0,energy,hes
natwest group plc,united kingdom,32720000000.0,financials,nwg
ross stores inc,united states,32710000000.0,consumer discretionary,rost
wec energy group inc,united states,32540000000.0,utilities,wec
amerisourcebergen corporation,united states,32509999999.0,healthcare,abc
china overseas land & investment ltd,hong kong,32490000000.0,real estate,688
wuxi biologics,china,32409999999.0,healthcare,2269
citic ltd,hong kong,32330000000.0,industrials,267
cellnex telecom sa,spain,32320000000.0,communication services,clnx
haier smart home co ltd,china,32310000000.0,consumer discretionary,600690
singapore telecommunications ltd,singapore,32229999999.0,communication services,z74
anta sports products ltd,china,32200000000.0,consumer discretionary,2020
barclays plc,united kingdom,32189999999.0,financials,barc
brown-forman corporation,united states,32070000000.0,consumer staples,bf.b
weg sa,brazil,32049999999.0,industrials,wege3
paccar inc,united states,32040000000.0,industrials,pcar
great wall motor co ltd,china,32009999999.0,consumer discretionary,601633
longfor group holdings ltd,china,31980000000.0,real estate,960
japan post bank coltd,japan,31930000000.0,financials,7182
ppg industries inc,united states,31890000000.0,basic materials,ppg
perusahaan perseroan persero pt telekomunikasi indonesia tbk,indonesia,31780000000.0,communication services,tlk
mettler-toledo international inc,united states,31780000000.0,healthcare,mtd
oneok inc,united states,31660000000.0,energy,oke
goodman group,australia,31640000000.0,real estate,gmg
corning incorporated,united states,31600000000.0,technology,glw
japan tobacco inc,japan,31590000000.0,consumer staples,2914
foxconn industrial internet co ltd,china,31580000000.0,technology,601138
eversource energy,united states,31560000000.0,utilities,es
china telecom corp ltd,hong kong,31490000000.0,communication services,728
crh plc,ireland,31450000000.0,basic materials,crh
japan post holdings co ltd,japan,31410000000.0,financials,6178
biogen inc,united states,31350000000.0,healthcare,biib
swisscom ag,switzerland,31260000000.0,communication services,scmn
koninklijke dsm nv,netherlands,31250000000.0,basic materials,dsm
formosa petrochemical corp,taiwan,31220000000.0,energy,6505
zhangzhou pientzehuang pharmaceutical ltd,china,31170000000.0,healthcare,600436
ametek inc,united states,31150000000.0,industrials,ame
eon se,germany,31120000000.0,utilities,eoaa
china pacific insurance,china,31040000000.0,financials,601601
zscaler inc,united states,31030000000.0,technology,zs
anhui conch cement company ltd,china,31020000000.0,basic materials,600585
franco-nevada corporation,canada,31000000000.0,basic materials,fnv
engie sa,france,31000000000.0,utilities,engi
state street corporation,united states,30950000000.0,financials,stt
saic motor corp ltd,china,30930000000.0,consumer discretionary,600104
nokia corporation,finland,30910000000.0,technology,nokia.sek
twitter inc,united states,30830000000.0,communication services,twtr
veeva systeinc,united states,30760000000.0,healthcare,veev
loblaw companies limited,canada,30700000000.0,consumer staples,l
energy transfer lp,united states,30690000000.0,energy,et
henkel ag & co kgaa,germany,30530000000.0,consumer staples,hen
coupang inc,south korea,30530000000.0,consumer discretionary,cpng
ferguson plc,united kingdom,30520000000.0,industrials,ferg
bae systeplc,united kingdom,30510000000.0,industrials,ba.
fifth third bancorp,united states,30460000000.0,financials,fitb
cbre group inc,united states,30450000000.0,real estate,cbre
american water works company inc,united states,30430000000.0,utilities,awk
fujitsu ltd,japan,30280000000.0,technology,6702
west pharmaceutical services inc,united states,30230000000.0,healthcare,wst
compagnie de saint-gobain sa,france,30160000000.0,industrials,sgo
alexandria real estate equities inc,united states,30100000000.0,real estate,are
assa abloy ab,sweden,30050000000.0,industrials,alz
cummins inc,united states,29940000000.0,industrials,cmi
vestas wind systea-s,denmark,29930000000.0,industrials,vws
riyad bank,saudi arabia,29860000000.0,financials,1010
willis towers watson plc,united kingdom,,financials,wltw
match group inc,united states,29820000000.0,communication services,mtch
kbc group nv,belgium,29810000000.0,financials,kdb
unicredit spa,italy,,financials,ucg
cathay financial holding co ltd,taiwan,29580000000.0,financials,2882
copart inc,united states,29580000000.0,industrials,cprt
spotify technology sa,,29560000000.0,,spot
nasdaq inc,united states,29520000000.0,financials,ndaq
weyerhaeuser company,united states,29420000000.0,real estate,wy
saudi electricity company,saudi arabia,29420000000.0,utilities,5110
ball corporation,united states,29400000000.0,consumer discretionary,bll
keysight technologies inc,united states,29400000000.0,technology,keys
astellas pharma inc,japan,29220000000.0,healthcare,4503
amadeus it group sa,spain,29190000000.0,technology,ams
electricite de france sa,france,29170000000.0,utilities,edf
rogers communications inc,canada,29130000000.0,communication services,rci.b
tongwei co ltd,china,29100000000.0,consumer staples,600438
las vegas sands corp,united states,29070000000.0,consumer discretionary,lvs
rwe ag,germany,29060000000.0,utilities,rwe
cosco shipping holdings co ltd,china,28930000000.0,industrials,601919
svb financial group,united states,28910000000.0,financials,sivb
csx corporation,united states,28900000000.0,industrials,csx
techtronic industries company ltd,hong kong,28750000000.0,industrials,669
naturgy energy group sa,spain,28710000000.0,utilities,ntgy
apa group,australia,28550000000.0,utilities,apa
hormel foods corporation,united states,28520000000.0,consumer staples,hrl
cerner corporation,united states,28310000000.0,healthcare,cern
ashtead group plc,united kingdom,28280000000.0,industrials,aht
equifax inc,united states,28240000000.0,industrials,efx
semiconductor manufacturing international corp,china,28240000000.0,technology,688981
porsche automobil holding se,germany,28150000000.0,consumer discretionary,paha
tesco plc,united kingdom,28110000000.0,consumer staples,tsco
sirius xm holdings inc,united states,28050000000.0,communication services,siri
airports of thailand public company ltd,thailand,28000000000.0,industrials,aot
ck hutchison holdings ltd,hong kong,27940000000.0,industrials,1
the people's insurance company group of china ltd,china,27930000000.0,financials,601319
expedia group inc,united states,27910000000.0,consumer discretionary,expe
first republic bank,united states,27900000000.0,financials,frc
koninklijke philips nv,netherlands,27890000000.0,healthcare,phia
great-west lifeco inc,canada,27850000000.0,financials,gwo
thai beverage public company ltd,thailand,27810000000.0,consumer staples,y92
swiss re ag,switzerland,27800000000.0,financials,sren
edison international,united states,27670000000.0,utilities,eix
wolters kluwer nv,netherlands,27650000000.0,communication services,wkl
on semiconductor corporation,united states,27630000000.0,technology,on
caixabank sa,spain,27580000000.0,financials,cabk
sampo oyj,finland,27460000000.0,financials,sampo
extra space storage inc,united states,27370000000.0,real estate,exr
sartorius ag,germany,27350000000.0,healthcare,srt
dr horton inc,united states,27340000000.0,consumer discretionary,dhi
ww grainger inc,united states,27330000000.0,industrials,gww
nari technology co ltd,china,27330000000.0,industrials,600406
kone oyj,finland,27290000000.0,industrials,knebv
mccormick & company incorporated,united states,27290000000.0,consumer staples,mkc
ntt data corp,japan,27260000000.0,technology,9613
ganfeng lithium co ltd,china,27250000000.0,basic materials,2460
will semiconductor co ltd,china,27240000000.0,technology,603501
interactive brokers group inc,united states,27220000000.0,financials,ibkr
gazprom neft pjsc,russia,27140000000.0,energy,sibn
fubon financial holding co ltd,taiwan,27130000000.0,financials,2881
tractor supply company,united states,27090000000.0,consumer discretionary,tsco
chocoladefabriken lindt & sprungli ag,switzerland,27080000000.0,consumer staples,lisn
ansys inc,united states,26980000000.0,technology,anss
shaanxi coal industry company ltd,china,26950000000.0,energy,601225
aier eye hospital group co ltd,china,26950000000.0,healthcare,300015
zimmer biomet holdings inc,united states,26940000000.0,healthcare,zbh
bridgestone corp,japan,26880000000.0,consumer discretionary,5108
evolution gaming group ab,sweden,26820000000.0,consumer discretionary,evo
beijing wantai biological pharmacy enterprise co ltd,china,26800000000.0,healthcare,603392
vonovia se,germany,26780000000.0,real estate,vna
sandvik ab,sweden,26710000000.0,industrials,sand
cheniere energy partners lp,united states,26680000000.0,energy,cqp
pg&e corporation,united states,26660000000.0,utilities,pcg
kansas city southern,united states,,industrials,ksu
unity software inc,united states,26560000000.0,technology,u
thales sa,france,26550000000.0,industrials,ho
southwest airlines co,united states,26520000000.0,industrials,luv
dte energy company,united states,26410000000.0,utilities,dte
intact financial corporation,canada,26400000000.0,financials,ifc
deutsche bank ag,germany,26380000000.0,financials,dbk
canon inc,japan,26380000000.0,technology,7751
lyondellbasell advanced polymers inc,united states,26380000000.0,basic materials,slmnp
national bank of canada,canada,26290000000.0,financials,
sonova holding ag,switzerland,26220000000.0,healthcare,soon
realty income corporation,united states,26180000000.0,real estate,o
china everbright bank company ltd,china,26130000000.0,financials,601818
twilio inc,united states,26090000000.0,communication services,twlo
roblox corp,united states,26050000000.0,communication services,rblx
telefonica sa,spain,26040000000.0,communication services,tef
central japan railway co,japan,26000000000.0,industrials,9022
li auto inc,china,25830000000.0,consumer discretionary,li
enbw energie baden-wuerttemberg ag,germany,25820000000.0,utilities,ebk
the hartford financial services group inc,united states,25760000000.0,financials,hig
laboratory corporation of america holdings,united states,25750000000.0,healthcare,lh
mongodb inc,united states,25730000000.0,technology,mdb
mitsubishi electric corporation,japan,25610000000.0,industrials,6503
banco santander brasil sa,brazil,25590000000.0,financials,sanb11
axis bank ltd,india,25540000000.0,financials,axisbank
united rentals inc,united states,25460000000.0,industrials,uri
nan ya plastics corp,taiwan,25410000000.0,basic materials,1303
lennar corporation,united states,25340000000.0,consumer discretionary,len
straumann holding ag,switzerland,25310000000.0,healthcare,stmn
clp holdings ltd,hong kong,25290000000.0,utilities,2
yanzhou coal mining company ltd,china,25260000000.0,energy,600188
firstenergy corp,united states,25260000000.0,utilities,fe
albemarle corporation,united states,25250000000.0,basic materials,alb
ck asset holdings limited,hong kong,25210000000.0,real estate,1113
enphase energy inc,united states,25200000000.0,technology,enph
legrand sa,france,25190000000.0,industrials,lr
galaxy entertainment group ltd,hong kong,25170000000.0,consumer discretionary,27
skandinaviska enskilda banken ab,sweden,25150000000.0,financials,seb.a
the mosaic company,united states,25090000000.0,basic materials,mos
cdw corporation,united states,25040000000.0,technology,cdw
gartner inc,united states,25030000000.0,technology,it
edp renovaveis sa,spain,,utilities,edpr
delta air lines inc,united states,24920000000.0,industrials,dal
palantir technologies inc,united states,24910000000.0,technology,pltr
seagen inc,united states,24870000000.0,healthcare,sgen
diamondback energy inc,united states,24840000000.0,energy,fang
verisign inc,united states,24810000000.0,technology,vrsn
church & dwight co inc,united states,24810000000.0,consumer staples,chd
ameren corporation,united states,24790000000.0,utilities,aee
china minsheng banking corp ltd,china,24650000000.0,financials,600016
live nation entertainment inc,united states,24610000000.0,communication services,lyv
woodside petroleum ltd,australia,24600000000.0,energy,wpl
evergreen marine corp,taiwan,24490000000.0,industrials,2603
aena sme sa,spain,24450000000.0,industrials,aena
xpeng inc,china,24440000000.0,consumer discretionary,xpev
northern trust corporation,united states,24420000000.0,financials,ntrs
slack technologies inc,united states,,technology,work
mid-america apartment communities inc,united states,24180000000.0,real estate,maa
fresenius se & co kgaa,germany,24120000000.0,healthcare,fre
fujifilm holdings corp,japan,24120000000.0,industrials,4901
bt group plc,united kingdom,24090000000.0,communication services,bt.a
vulcan materials company,united states,24080000000.0,basic materials,vmc
epiroc ab,sweden,24080000000.0,industrials,3ad2
delta electronics inc,taiwan,24050000000.0,technology,2308
public joint stock company polyus,russia,,basic materials,plzl
schindler holding ag,switzerland,24020000000.0,industrials,schn
orix corporation,japan,23970000000.0,financials,8591
martin marietta materials inc,united states,23940000000.0,basic materials,mlm
csc financial co ltd,china,23940000000.0,financials,601066
best buy co inc,united states,23930000000.0,consumer discretionary,bby
steris plc,ireland,23930000000.0,healthcare,ste
entergy corporation,united states,23920000000.0,utilities,etr
m3 inc,japan,23890000000.0,healthcare,2413
splunk inc,united states,23840000000.0,technology,splk
eve energy co ltd,china,23820000000.0,industrials,300014
ventas inc,united states,23810000000.0,real estate,vtr
endesa sa,spain,23780000000.0,utilities,ele
sse plc,united kingdom,23730000000.0,utilities,sse
compagnie generale des etablissements michelin sca,france,23650000000.0,consumer discretionary,ml
horizon therapeutics public limited company,ireland,23640000000.0,healthcare,hznp
baoshan iron & steel co ltd,china,23590000000.0,basic materials,600019
stanley black & decker inc,united states,23570000000.0,industrials,swk
sungrow power supply co ltd,china,23550000000.0,industrials,300274
beiersdorf ag,germany,23510000000.0,consumer staples,bei
pt bank mandiri persero tbk,indonesia,,financials,pq9
first quantum minerals ltd,canada,23470000000.0,basic materials,fm
kubota corp,japan,23460000000.0,industrials,6326
mtn group ltd,south africa,23450000000.0,communication services,mtn
maxim integrated products inc,united states,,technology,mxim
rocket companies inc,united states,23440000000.0,financials,rkt
fortis inc,canada,23430000000.0,utilities,fts
formosa plastics corp,taiwan,23420000000.0,basic materials,1301
liberty broadband corporation,united states,23400000000.0,communication services,lbrdk
united microelectronics corporation,taiwan,23350000000.0,technology,2303
garmin ltd,switzerland,23350000000.0,technology,grmn
huazhu group limited,china,23340000000.0,consumer discretionary,htht
carnival corporation & plc,united states,23290000000.0,consumer discretionary,ccl
sany heavy industry co ltd,china,23270000000.0,industrials,600031
fox corporation,united states,23260000000.0,communication services,foxa
wens foodstuff group co ltd,china,23200000000.0,consumer staples,300498
societe generale sa,france,23180000000.0,financials,gle
terumo corp,japan,23160000000.0,healthcare,4543
china international capital corp ltd,china,23130000000.0,financials,601995
invitation homes inc,united states,23090000000.0,real estate,invh
royalty pharma plc,united states,23040000000.0,healthcare,rprx
olympus corp,japan,23000000000.0,healthcare,7733
vf corporation,united states,22960000000.0,consumer discretionary,vfc
dover corporation,united states,22940000000.0,industrials,dov
ppl corporation,united states,22870000000.0,utilities,ppl
hengli petrochemical coltd,china,22860000000.0,consumer discretionary,600346
genmab a/s,denmark,22830000000.0,healthcare,gmab
sabic agri-nutrients company,saudi arabia,22780000000.0,basic materials,2020
heineken holding nv,netherlands,22780000000.0,consumer staples,heio
sands china ltd,,18520000000.0,,1928
east japan railway company,japan,22780000000.0,industrials,9020
sociedad quimica y minera de chile sa,chile,22770000000.0,basic materials,sqm
eurofins scientific se,,,,erf
panasonic corp,japan,22730000000.0,technology,6752
ucb sa,belgium,22710000000.0,healthcare,ucb
shanghai international port,china,22650000000.0,industrials,600018
hewlett packard enterprise company,united states,22650000000.0,technology,hpe
kellogg company,united states,22630000000.0,consumer staples,k
picc property and casualty company ltd,china,22620000000.0,financials,2328
grupo financiero banorte sab de cv,mexico,22600000000.0,financials,gfnorteo
komatsu ltd,japan,22560000000.0,industrials,6301
the hong kong and china gas company ltd,hong kong,22540000000.0,utilities,3
coca-cola europacific partners plc,united kingdom,22530000000.0,consumer staples,ccep
essex property trust inc,united states,22510000000.0,real estate,ess
ems-chemie holding ag,switzerland,22480000000.0,basic materials,emsn
okta inc,united states,22450000000.0,technology,okta
china national nuclear power co ltd,china,22420000000.0,utilities,601985
sumitomo corp,japan,22420000000.0,industrials,8053
tata motors limited,india,22380000000.0,consumer discretionary,ttm
banco do brasil sa,brazil,22360000000.0,financials,bbas3
hennes & mauritz ab,sweden,22330000000.0,consumer discretionary,hm.b
bio-rad laboratories inc,united states,,healthcare,bio
teleperformance se,france,22300000000.0,industrials,tep
fomento economico mexicano sab de cv,mexico,,consumer staples,femsaub
huntington bancshares inc,united states,22260000000.0,financials,hu3
continental resources inc,united states,22250000000.0,energy,clr
crrc corp ltd,china,22210000000.0,industrials,601766
skyworks solutions inc,united states,22170000000.0,technology,swks
xp inc,brazil,,financials,xpbr31
unicharm corp,japan,22080000000.0,consumer staples,8113
zto express cayman inc,china,22050000000.0,industrials,zto
geberit ag,switzerland,22030000000.0,industrials,gebn
toyota industries corp,japan,21990000000.0,consumer discretionary,6201
cincinnati financial corporation,united states,21990000000.0,financials,cinf
cf industries holdings inc,united states,21950000000.0,basic materials,cf
nibe industrier ab,sweden,21930000000.0,industrials,njb
cnh industrial nv,united kingdom,21930000000.0,industrials,cnhi
huntington bancshares incorporated,united states,21930000000.0,financials,hban
duke realty corporation,united states,21930000000.0,real estate,dre
restaurant brands international limited partnership,canada,,consumer discretionary,qsp.un
monolithic power systeinc,united states,21870000000.0,technology,mpwr
zebra technologies corporation,united states,21870000000.0,technology,zbra
ulta beauty inc,united states,21820000000.0,consumer discretionary,ulta
dai-ichi life holdings inc,japan,21760000000.0,financials,8750
m&t bank corporation,united states,21740000000.0,financials,mtb
keycorp,united states,21710000000.0,financials,key
teledyne technologies incorporated,united states,21650000000.0,technology,tdy
b3 sa - brasil bolsa balcao,brazil,21580000000.0,financials,b3sa3
contura energy inc,united states,21570000000.0,energy,ctra
shimano inc,japan,21510000000.0,consumer discretionary,7309
power corporation of canada,canada,21480000000.0,financials,pow
jb hunt transport services inc,united states,21480000000.0,industrials,jbht
mitsui fudosan co ltd,japan,21460000000.0,real estate,8801
the saudi british bank,saudi arabia,21450000000.0,financials,1060
sgs sa,switzerland,21430000000.0,industrials,sgsn
teck resources limited,canada,21410000000.0,basic materials,teck.b
rede d'or sao luiz sa,brazil,21400000000.0,healthcare,rdor3
nexon co ltd,japan,21360000000.0,communication services,3659
the cooper companies inc,united states,21350000000.0,healthcare,coo
legal & general group plc,united kingdom,21340000000.0,financials,lgen
regions financial corporation,united states,21320000000.0,financials,rf
wheaton precious metals corp,canada,21260000000.0,basic materials,wpm
zoominfo technologies inc,united states,21230000000.0,technology,zi
viacomcbs inc,united states,,communication services,viaca
china northern rare earth,china,21210000000.0,basic materials,600111
seagate technology plc,ireland,21210000000.0,technology,stx
china mengniu dairy co ltd,hong kong,21170000000.0,consumer staples,2319
ingersoll rand inc,united states,21130000000.0,industrials,ir
segro plc,united kingdom,21080000000.0,real estate,sgro
yandex nv,netherlands,,communication services,yndx
microchip technology incorporated,united states,21030000000.0,technology,mchp
hubspot inc,united states,20930000000.0,technology,hubs
fleetcor technologies inc,united states,20920000000.0,technology,flt
fortive corporation,united states,20880000000.0,technology,ftv
applovin corp,united states,20860000000.0,technology,app
royal caribbean cruises ltd,united states,20810000000.0,consumer discretionary,rcl
repsol sa,spain,20800000000.0,energy,rep
marubeni corp,japan,20780000000.0,industrials,8002
standard chartered plc,united kingdom,20780000000.0,financials,stan
li ning co ltd,china,20750000000.0,consumer discretionary,2331
cenergy corporation,united states,20730000000.0,utilities,cms
steris corp,united states,,healthcare,s1te34
advanced info service pcl,thailand,20650000000.0,communication services,advanc
kyocera corp,japan,20620000000.0,technology,6971
pembina pipeline corporation,canada,20610000000.0,energy,ppl
flutter entertainment plc,ireland,20580000000.0,consumer discretionary,fltr
sojitz corp,japan,20550000000.0,industrials,2768
boston properties inc,united states,20540000000.0,real estate,bxp
synchrony financial,united states,20430000000.0,financials,syf
alinma bank,saudi arabia,20410000000.0,financials,1150
investment ab latour,sweden,20390000000.0,financials,lato.b
mitsubishi estate co ltd,japan,20390000000.0,real estate,8802
guotai junan securities co ltd,china,20390000000.0,financials,601211
nippon paint holdings co ltd,japan,20380000000.0,basic materials,4612
carvana co,united states,20330000000.0,consumer discretionary,cvna
markel corporation,united states,20300000000.0,financials,mkl
brown & brown inc,united states,20270000000.0,financials,bro
nomura research institute ltd,japan,20260000000.0,technology,4307
mgm resorts international,united states,20220000000.0,consumer discretionary,mgm
mega financial holding co ltd,taiwan,20210000000.0,financials,2886
telefonica brasil sa,brazil,20190000000.0,communication services,viv
swiss life holding ag,switzerland,20160000000.0,financials,slhn
telenor asa,,20150000000.0,,tel
china railway group ltd,hong kong,20150000000.0,industrials,390
ctbc financial holding co ltd,taiwan,20150000000.0,financials,2891
imperial brands plc,united kingdom,20140000000.0,consumer staples,imb
principal financial group inc,united states,20130000000.0,financials,pfg
norsk hyasa,,20100000000.0,,nhy
perkinelmer inc,united states,20050000000.0,healthcare,pki
hannover ruck se,germany,20020000000.0,financials,hnrb
sun communities inc,united states,19980000000.0,real estate,sui
tradeweb markets inc,united states,19980000000.0,financials,tw
trina solar co ltd,china,19940000000.0,technology,688599
vedanta limited,india,19930000000.0,basic materials,vedl
paycom software inc,united states,19870000000.0,technology,payc
klabin sa,brazil,,basic materials,klbn11
kao corp,japan,19850000000.0,consumer staples,4452
teradyne inc,united states,19850000000.0,technology,ter
china resources beer holdings company ltd,hong kong,19840000000.0,consumer staples,291
china communications construction co ltd,china,19830000000.0,industrials,601800
aviva plc,united kingdom,19820000000.0,financials,av.
standard bank group ltd,south africa,19820000000.0,financials,sbk
ryanair holdings plc,ireland,,industrials,ry4c
hologic inc,united states,19750000000.0,healthcare,holx
kerry group plc,ireland,19740000000.0,consumer staples,krz
renesas electronics corp,japan,19730000000.0,technology,6723
brookfield infrastructure partners lp,,19700000000.0,,bip.un
shiseido co ltd,japan,19690000000.0,consumer staples,4911
cgi inc,canada,19670000000.0,technology,gib.a
henderson land development co ltd,hong kong,19670000000.0,real estate,12
billcom holdings inc,united states,19650000000.0,technology,bill
shanghai fosun pharmaceutical,china,19630000000.0,healthcare,600196
akamai technologies inc,united states,19590000000.0,technology,akam
china tower corp ltd,china,19550000000.0,communication services,788
huatai securities co ltd,china,19550000000.0,financials,601688
marathon oil corporation,united states,19540000000.0,energy,mro
arch capital group ltd,,19540000000.0,,acgl
transunion,united states,19530000000.0,industrials,tru
jbs sa,brazil,19530000000.0,consumer staples,jbss3
shenzhou international group holdings ltd,hong kong,19500000000.0,consumer discretionary,2313
avantor inc,united states,19480000000.0,basic materials,avtr
molina healthcare inc,united states,19460000000.0,healthcare,moh
ferrovial sa,spain,19440000000.0,industrials,fer
edp - energias de portugal sa,,19430000000.0,,edp
fresenius medical care ag & co kgaa,germany,19420000000.0,healthcare,fme
svenska handelsbanken ab,sweden,19420000000.0,financials,shb.a
kb financial group inc,south korea,19390000000.0,financials,105560
magna international inc,canada,19360000000.0,consumer discretionary,mg
snam spa,italy,19270000000.0,utilities,srg
cgn power co ltd,china,19250000000.0,utilities,3816
croda international plc,united kingdom,,basic materials,crda
warner music group corp,united states,19210000000.0,communication services,wmg
zhejiang huayou cobalt co ltd,china,19200000000.0,basic materials,603799
ss&c technologies holdings inc,united states,19150000000.0,technology,ssnc
carlsberg a-s,denmark,19120000000.0,consumer staples,carl.a
nice ltd,israel,,technology,nice
waters corporation,united states,19110000000.0,healthcare,wat
otsuka holdings co ltd,japan,19030000000.0,healthcare,4578
tenaris sa,,18980000000.0,,ten
citizens financial group inc,united states,18950000000.0,financials,cfg
check point software technologies ltd,israel,18940000000.0,technology,chkp
toshiba corp,japan,18930000000.0,industrials,6502
lg electronics inc,south korea,18910000000.0,technology,66570
astra international tbk pt,indonesia,18900000000.0,consumer discretionary,asja
omnicom group inc,united states,18800000000.0,communication services,omc
aecc aviation power coltd,china,18790000000.0,industrials,600893
international paper company,united states,,consumer discretionary,inpap
scottish mortgage investment trust plc,united kingdom,18780000000.0,financials,smt
george weston limited,canada,18770000000.0,consumer staples,wn
netapp inc,united states,18760000000.0,technology,ntap
healthpeak properties inc,united states,18760000000.0,real estate,peak
ms&ad insurance group holdings inc,japan,18750000000.0,financials,8725
the liberty siriusxm group,united states,18740000000.0,communication services,lsxmb
credit suisse group ag,switzerland,18720000000.0,financials,csgn
air china ltd,china,18720000000.0,industrials,601111
power construction corp of china ltd,china,18690000000.0,industrials,601669
jd health international inc,china,18690000000.0,healthcare,8zn
south32 limited,australia,18670000000.0,basic materials,s32
huaneng power international inc,china,18570000000.0,utilities,600011
heico corporation,united states,18490000000.0,industrials,hei
gf securities co ltd,china,18440000000.0,financials,776
genuine parts company,united states,18410000000.0,consumer discretionary,gpc
vodacom group ltd,south africa,18410000000.0,communication services,vod
take-two interactive software inc,united states,18350000000.0,communication services,ttwo
china merchants securities co ltd,china,18350000000.0,financials,600999
alnylam pharmaceuticals inc,united states,18330000000.0,healthcare,alny
aeon co ltd,japan,18320000000.0,consumer discretionary,8267
link real estate investment trust,hong kong,18270000000.0,real estate,823
shionogi & co ltd,japan,18270000000.0,healthcare,4507
ubiquiti inc,united states,18250000000.0,technology,ui
quanta services inc,united states,18250000000.0,industrials,pwr
catalent inc,united states,18240000000.0,healthcare,ctlt
haitong securities co ltd,china,18230000000.0,financials,600837
asahi group holdings ltd,japan,18210000000.0,consumer staples,2502
capitec bank holdings ltd,south africa,18210000000.0,financials,cpi
restaurant brands international inc,canada,18190000000.0,consumer discretionary,qsr
yum china holdings inc,china,18180000000.0,consumer discretionary,yumc
cez as,,,,cez
veolia environnement sa,france,18140000000.0,industrials,vie
avis budget group inc,united states,18120000000.0,industrials,car

